-- phpMyAdmin SQL Dump
-- version 5.2.1
-- https://www.phpmyadmin.net/
--
-- Host: 127.0.0.1
-- Generation Time: Dec 27, 2023 at 07:21 AM
-- Server version: 10.4.24-MariaDB
-- PHP Version: 8.2.4

SET SQL_MODE = "NO_AUTO_VALUE_ON_ZERO";
START TRANSACTION;
SET time_zone = "+00:00";


/*!40101 SET @OLD_CHARACTER_SET_CLIENT=@@CHARACTER_SET_CLIENT */;
/*!40101 SET @OLD_CHARACTER_SET_RESULTS=@@CHARACTER_SET_RESULTS */;
/*!40101 SET @OLD_COLLATION_CONNECTION=@@COLLATION_CONNECTION */;
/*!40101 SET NAMES utf8mb4 */;

--
-- Database: `lang`
--

-- --------------------------------------------------------

--
-- Table structure for table `auth_group`
--

CREATE TABLE `auth_group` (
  `id` int(11) NOT NULL,
  `name` varchar(150) NOT NULL
) ENGINE=InnoDB DEFAULT CHARSET=utf8mb4;

-- --------------------------------------------------------

--
-- Table structure for table `auth_group_permissions`
--

CREATE TABLE `auth_group_permissions` (
  `id` bigint(20) NOT NULL,
  `group_id` int(11) NOT NULL,
  `permission_id` int(11) NOT NULL
) ENGINE=InnoDB DEFAULT CHARSET=utf8mb4;

-- --------------------------------------------------------

--
-- Table structure for table `auth_permission`
--

CREATE TABLE `auth_permission` (
  `id` int(11) NOT NULL,
  `name` varchar(255) NOT NULL,
  `content_type_id` int(11) NOT NULL,
  `codename` varchar(100) NOT NULL
) ENGINE=InnoDB DEFAULT CHARSET=utf8mb4;

--
-- Dumping data for table `auth_permission`
--

INSERT INTO `auth_permission` (`id`, `name`, `content_type_id`, `codename`) VALUES
(1, 'Can add log entry', 1, 'add_logentry'),
(2, 'Can change log entry', 1, 'change_logentry'),
(3, 'Can delete log entry', 1, 'delete_logentry'),
(4, 'Can view log entry', 1, 'view_logentry'),
(5, 'Can add permission', 2, 'add_permission'),
(6, 'Can change permission', 2, 'change_permission'),
(7, 'Can delete permission', 2, 'delete_permission'),
(8, 'Can view permission', 2, 'view_permission'),
(9, 'Can add group', 3, 'add_group'),
(10, 'Can change group', 3, 'change_group'),
(11, 'Can delete group', 3, 'delete_group'),
(12, 'Can view group', 3, 'view_group'),
(13, 'Can add content type', 4, 'add_contenttype'),
(14, 'Can change content type', 4, 'change_contenttype'),
(15, 'Can delete content type', 4, 'delete_contenttype'),
(16, 'Can view content type', 4, 'view_contenttype'),
(17, 'Can add session', 5, 'add_session'),
(18, 'Can change session', 5, 'change_session'),
(19, 'Can delete session', 5, 'delete_session'),
(20, 'Can view session', 5, 'view_session'),
(21, 'Can add converted video', 6, 'add_convertedvideo'),
(22, 'Can change converted video', 6, 'change_convertedvideo'),
(23, 'Can delete converted video', 6, 'delete_convertedvideo'),
(24, 'Can view converted video', 6, 'view_convertedvideo'),
(25, 'Can add video', 7, 'add_video'),
(26, 'Can change video', 7, 'change_video'),
(27, 'Can delete video', 7, 'delete_video'),
(28, 'Can view video', 7, 'view_video'),
(29, 'Can add user', 8, 'add_user'),
(30, 'Can change user', 8, 'change_user'),
(31, 'Can delete user', 8, 'delete_user'),
(32, 'Can view user', 8, 'view_user'),
(33, 'Can add transcript', 9, 'add_transcript'),
(34, 'Can change transcript', 9, 'change_transcript'),
(35, 'Can delete transcript', 9, 'delete_transcript'),
(36, 'Can view transcript', 9, 'view_transcript');

-- --------------------------------------------------------

--
-- Table structure for table `convertedvideo`
--

CREATE TABLE `convertedvideo` (
  `id` bigint(20) NOT NULL,
  `videofile` varchar(100) DEFAULT NULL,
  `type` varchar(200) NOT NULL,
  `video_id` bigint(20) NOT NULL
) ENGINE=InnoDB DEFAULT CHARSET=utf8mb4;

--
-- Dumping data for table `convertedvideo`
--

INSERT INTO `convertedvideo` (`id`, `videofile`, `type`, `video_id`) VALUES
(1, 'hi\\AY_Chapter6 yoga type.mp4', 'hi', 4),
(2, 'hi\\Introduction Video.mp4', 'hi', 5),
(3, 'es\\Introduction Video.mp4', 'es', 5),
(4, 'fr\\Introduction Video.mp4', 'fr', 5),
(5, 'ar\\Introduction Video.mp4', 'ar', 5),
(6, 'hi\\Video 1.mp4', 'hi', 6),
(7, 'es\\Video 1.mp4', 'es', 6),
(8, 'fr\\Video 1.mp4', 'fr', 6),
(9, 'hi\\Video 1.mp4', 'hi', 7),
(10, 'es\\Video 1.mp4', 'es', 7),
(11, 'fr\\Video 1.mp4', 'fr', 7),
(12, 'ar\\Video 1.mp4', 'ar', 7),
(13, 'hi\\hiVideo 2.mp4', 'hi', 8),
(14, 'es\\esVideo 2.mp4', 'es', 8),
(15, 'fr\\frVideo 2.mp4', 'fr', 8),
(16, 'ar\\arVideo 2.mp4', 'ar', 8),
(17, 'hi\\hiVideo 3.mp4', 'hi', 9),
(18, 'es\\esVideo 3.mp4', 'es', 9),
(19, 'fr\\frVideo 3.mp4', 'fr', 9),
(20, 'ar\\arVideo 3.mp4', 'ar', 9),
(21, 'hi\\hiVideo 4.mp4', 'hi', 10),
(22, 'es\\esVideo 4.mp4', 'es', 10),
(23, 'fr\\frVideo 4.mp4', 'fr', 10),
(24, 'ar\\arVideo 4.mp4', 'ar', 10),
(25, 'hi\\hiVideo 5.mp4', 'hi', 12),
(26, 'es\\esVideo 5.mp4', 'es', 12),
(27, 'fr\\frVideo 5.mp4', 'fr', 12),
(28, 'ar\\arVideo 5.mp4', 'ar', 12),
(29, 'hi\\hiVideo 6.mp4', 'hi', 13),
(30, 'es\\esVideo 6.mp4', 'es', 13),
(31, 'fr\\frVideo 6.mp4', 'fr', 13),
(32, 'ar\\arVideo 6.mp4', 'ar', 13),
(33, 'hi\\hiVideo 7.mp4', 'hi', 14),
(34, 'es\\esVideo 7.mp4', 'es', 14),
(35, 'fr\\frVideo 7.mp4', 'fr', 14),
(36, 'ar\\arVideo 7.mp4', 'ar', 14),
(37, 'hi\\hiVideo 8.mp4', 'hi', 15),
(38, 'es\\esVideo 8.mp4', 'es', 15),
(39, 'fr\\frVideo 8.mp4', 'fr', 15),
(40, 'ar\\arVideo 8.mp4', 'ar', 15),
(41, 'hi\\hiVideo 9.mp4', 'hi', 16),
(42, 'es\\esVideo 9.mp4', 'es', 16),
(43, 'fr\\frVideo 9.mp4', 'fr', 16),
(44, 'ar\\arVideo 9.mp4', 'ar', 16),
(45, 'hi\\hiVideo 10.mp4', 'hi', 17),
(46, 'es\\esVideo 10.mp4', 'es', 17),
(47, 'fr\\frVideo 10.mp4', 'fr', 17),
(48, 'ar\\arVideo 10.mp4', 'ar', 17),
(49, 'hi\\hiVideo 10.mp4', 'hi', 18),
(50, 'es\\esVideo 10.mp4', 'es', 18),
(51, 'fr\\frVideo 10.mp4', 'fr', 18),
(52, 'hi\\hiVideo 10.mp4', 'hi', 19),
(53, 'es\\esVideo 10.mp4', 'es', 19),
(54, 'fr\\frVideo 10.mp4', 'fr', 19),
(55, 'ar\\arVideo 10.mp4', 'ar', 19),
(56, 'hi\\hiVideo 11.mp4', 'hi', 20),
(57, 'es\\esVideo 11.mp4', 'es', 20),
(58, 'fr\\frVideo 11.mp4', 'fr', 20),
(59, 'ar\\arVideo 11.mp4', 'ar', 20),
(60, 'hi\\hiVideo 12.mp4', 'hi', 21),
(61, 'hi\\hiVideo 14.mp4', 'hi', 23),
(62, 'es\\esVideo 12.mp4', 'es', 21),
(63, 'es\\esVideo 14.mp4', 'es', 23),
(64, 'fr\\frVideo 14.mp4', 'fr', 23),
(65, 'fr\\frVideo 12.mp4', 'fr', 21),
(66, 'ar\\arVideo 14.mp4', 'ar', 23),
(67, 'ar\\arVideo 12.mp4', 'ar', 21),
(68, 'hi\\hiVideo 15.mp4', 'hi', 25),
(69, 'es\\esVideo 15.mp4', 'es', 25),
(70, 'fr\\frVideo 15.mp4', 'fr', 25),
(71, 'ar\\arVideo 15.mp4', 'ar', 25),
(72, 'hi\\hiVideo 13.mp4', 'hi', 27),
(73, 'es\\esVideo 13.mp4', 'es', 27),
(74, 'fr\\frVideo 13.mp4', 'fr', 27),
(75, 'ar\\arVideo 13.mp4', 'ar', 27),
(76, 'hi\\hiVideo 16.mp4', 'hi', 28),
(77, 'es\\esVideo 16.mp4', 'es', 28),
(78, 'fr\\frVideo 16.mp4', 'fr', 28),
(79, 'ar\\arVideo 16.mp4', 'ar', 28);

-- --------------------------------------------------------

--
-- Table structure for table `django_admin_log`
--

CREATE TABLE `django_admin_log` (
  `id` int(11) NOT NULL,
  `action_time` datetime(6) NOT NULL,
  `object_id` longtext DEFAULT NULL,
  `object_repr` varchar(200) NOT NULL,
  `action_flag` smallint(5) UNSIGNED NOT NULL CHECK (`action_flag` >= 0),
  `change_message` longtext NOT NULL,
  `content_type_id` int(11) DEFAULT NULL,
  `user_id` bigint(20) NOT NULL
) ENGINE=InnoDB DEFAULT CHARSET=utf8mb4;

-- --------------------------------------------------------

--
-- Table structure for table `django_content_type`
--

CREATE TABLE `django_content_type` (
  `id` int(11) NOT NULL,
  `app_label` varchar(100) NOT NULL,
  `model` varchar(100) NOT NULL
) ENGINE=InnoDB DEFAULT CHARSET=utf8mb4;

--
-- Dumping data for table `django_content_type`
--

INSERT INTO `django_content_type` (`id`, `app_label`, `model`) VALUES
(1, 'admin', 'logentry'),
(3, 'auth', 'group'),
(2, 'auth', 'permission'),
(4, 'contenttypes', 'contenttype'),
(6, 'core', 'convertedvideo'),
(9, 'core', 'transcript'),
(8, 'core', 'user'),
(7, 'core', 'video'),
(5, 'sessions', 'session');

-- --------------------------------------------------------

--
-- Table structure for table `django_migrations`
--

CREATE TABLE `django_migrations` (
  `id` bigint(20) NOT NULL,
  `app` varchar(255) NOT NULL,
  `name` varchar(255) NOT NULL,
  `applied` datetime(6) NOT NULL
) ENGINE=InnoDB DEFAULT CHARSET=utf8mb4;

--
-- Dumping data for table `django_migrations`
--

INSERT INTO `django_migrations` (`id`, `app`, `name`, `applied`) VALUES
(1, 'contenttypes', '0001_initial', '2023-12-12 12:44:17.169918'),
(2, 'contenttypes', '0002_remove_content_type_name', '2023-12-12 12:44:17.215633'),
(3, 'auth', '0001_initial', '2023-12-12 12:44:17.436108'),
(4, 'auth', '0002_alter_permission_name_max_length', '2023-12-12 12:44:17.490307'),
(5, 'auth', '0003_alter_user_email_max_length', '2023-12-12 12:44:17.494265'),
(6, 'auth', '0004_alter_user_username_opts', '2023-12-12 12:44:17.500350'),
(7, 'auth', '0005_alter_user_last_login_null', '2023-12-12 12:44:17.504859'),
(8, 'auth', '0006_require_contenttypes_0002', '2023-12-12 12:44:17.506226'),
(9, 'auth', '0007_alter_validators_add_error_messages', '2023-12-12 12:44:17.510376'),
(10, 'auth', '0008_alter_user_username_max_length', '2023-12-12 12:44:17.514457'),
(11, 'auth', '0009_alter_user_last_name_max_length', '2023-12-12 12:44:17.518452'),
(12, 'auth', '0010_alter_group_name_max_length', '2023-12-12 12:44:17.530324'),
(13, 'auth', '0011_update_proxy_permissions', '2023-12-12 12:44:17.535508'),
(14, 'auth', '0012_alter_user_first_name_max_length', '2023-12-12 12:44:17.540146'),
(15, 'core', '0001_initial', '2023-12-12 12:44:18.036009'),
(16, 'admin', '0001_initial', '2023-12-12 12:44:18.173500'),
(17, 'admin', '0002_logentry_remove_auto_add', '2023-12-12 12:44:18.179499'),
(18, 'admin', '0003_logentry_add_action_flag_choices', '2023-12-12 12:44:18.187498'),
(19, 'sessions', '0001_initial', '2023-12-12 12:44:18.225347');

-- --------------------------------------------------------

--
-- Table structure for table `django_session`
--

CREATE TABLE `django_session` (
  `session_key` varchar(40) NOT NULL,
  `session_data` longtext NOT NULL,
  `expire_date` datetime(6) NOT NULL
) ENGINE=InnoDB DEFAULT CHARSET=utf8mb4;

-- --------------------------------------------------------

--
-- Table structure for table `transcript`
--

CREATE TABLE `transcript` (
  `id` bigint(20) NOT NULL,
  `script` longtext DEFAULT NULL,
  `c_id` bigint(20) NOT NULL,
  `video_id` bigint(20) NOT NULL
) ENGINE=InnoDB DEFAULT CHARSET=utf8mb4;

--
-- Dumping data for table `transcript`
--

INSERT INTO `transcript` (`id`, `script`, `c_id`, `video_id`) VALUES
(1, 'यह भी ध्यान रखें कि शिक्षक अनुभव को बना या तोड़ सकता है यदि आप सहज और विशेष वर्ग महसूस नहीं करते हैं तो यह प्रशिक्षक हो सकता हैयोग एक्सप्लोरर के बजाय जब तक कि आप घर पर योग शुरू करने के लिए अपना सही योग फिट नहीं पाते हैं, तो आपको एक चटाई योग ब्लॉक की आवश्यकता होती हैकुछ झुकने में एक प्रोप के रूप में उपयोग करने के लिए खुश योग हैप्पी योग हैसबसे सामान्य प्रकार का योग और शायद शिक्षक कक्षाओं के आधार पर परिभाषित करना सबसे कठिन हो सकता है और आसान हो सकता है लेकिन कुछ सबसे खतरनाक हो सकते हैंयह सुनिश्चित करने के लिए कि एक विशेष वर्ग आपके लिए उपयुक्त है, एक कक्षा में एक अतिथि के रूप में एक अतिथि के रूप में यात्रा करने से पहले एक अतिथि के साथ साइन अप करने से पहले कोमल आंदोलन होते हैंप्रत्येक मुद्रा के बीच निरंतर प्रवाह यह शुरुआती लोगों के लिए मूल बातें सीखना आसान बनाता है यह व्यक्तिगत जरूरतों और भौतिक स्थितियों के लिए बेहद अनुकूल है औरचोट के जोखिम को कम करते हुए ताकत और लचीलेपन को बढ़ाने का तरीका यह अधिक बहस करने से पहले मूल पोज़ सीखना शुरू करने के लिए सबसे अच्छी जगह हैध्यान एक मुद्रा रखने पर है और संतुलन को मजबूत करने के लिए योग धीमी गति से चल रहा है इसलिए यदि आपका लक्ष्य तेजी से और SWE को स्थानांतरित करना हैयह सबसे अच्छा विकल्प है कि खुश योग के लाभ तनाव और रक्तचाप में कमी है क्योंकि शरीर आराम करना सीखता हैविनीसा योग का आधा से अधिक तेज आधार होता है और पोज तेजी से एक दूसरे में प्रवाहित हो सकता है जैसे कि डांस स्टेप्स प्रत्येक मूवमेंटश्वास के साथ आंदोलन को जोड़ने वाली साँस और साँस छोड़ने से मन केंद्रित है और वर्तमान अनुक्रमों मेंशिक्षक दिनचर्या को अलग करने के लिए मिश्रण और मैच कर सकते हैं इसलिए यदि कोई विशेष विश्वविद्यालय कम हैआधा खोलें और लचीलेपन और ताकत की सीमाओं को धक्का देता है यह एक अद्भुत कार्डियो कसरत प्रदान करता है क्योंकि आपका शरीर लगातार आराम के दौरान अपवाद चल रहा हैडॉग डाउनलोड करें यह एक पसीने के आराम से काम करने के लिए निश्चित हैयोग छात्रों की शुरुआत के लिए एक्सॉन प्रारंभिक बिंदु इयंगर योग इयंगर योगा विशेष रूप से बाइनरी पर केंद्रित आधे योग का विस्तार हैजबरदस्त उपचार यह धीमी गति से स्ट्रेचिंग मूव्स के लिए लचीलापन बढ़ाता है जो समय की अवधि के लिए स्वास्थ्य हैं इन दोनों आंदोलनों में ध्यान हैगुण यह मांसपेशियों को बदल देता है और मन को शांत करता है जो मांसपेशियों को मजबूत करने में बेहतर संरेखण होता है, दर्द के साथ मदद करता है और एक युवा को सुधारने में सुधार करता हैउच्च शरीर और एक बेहतर स्वास्थ्य देखभाल शरीर के साथ परिसंचरण और पाचन में सुधार करना बेहतर जीवनशैली विकल्प आमतौर पर पालन करते हैंअली संरेखण यह शुरुआती अष्टांग योग अष्टांग योग के लिए पूरी तरह से उपयुक्त हैऔर प्रत्येक श्रृंखला को अगले पर जाने से पहले महारत हासिल करनी चाहिएशुरुआती लोगों के लिए शक्ति और नृत्य और लचीलेपन को चुनौती देने के लिए नहीं है इसलिए योग के बिना कुछ परिचित होने के बाद एक मजबूत योग शुरू करने के लिए सबसे अच्छा हैअष्टांग पूरे शरीर को काम करता है इसलिए परिणाम जल्दी से आ जाएंगे, इसके लिए प्रतिबद्धता की आवश्यकता होती है और एक मजबूत अभ्यास के अधिकांश चिकित्सक हर अभ्यास करते हैंआईएस सीरीज़ में मरीज को मास्टर करने में कई साल लग सकते हैं, क्योंकि लोगों को हमारे मजबूत पसंद आएंगे क्योंकि इसके लिए उसी पोज़ की प्रतिष्ठा की आवश्यकता होती हैतब तक कोई भिन्नता नहीं है जब तक आप अगले स्तर 26 तक नहीं पहुंचते हैं, प्रत्येक के लिए एक संरचित अनुक्रम में पूरा होने के लिएसत्र जो एक घंटे और आधा मोड़ बनने के लिए रहता है, वह यह है कि सौ और पांच डिग्री गर्मी में इसका अभ्यास आप करेंगेऔर आपको एक अतिरिक्त चुनौती के रूप में निश्चित रूप से गर्मी को हाइड्रेटेड रहने की आवश्यकता नहीं होगीहाय योग के रूप में नाम का अर्थ है कि गर्म योग भी उच्च तापमान से भरे कमरे में किया जाता है यह विक्रम से अलग है26 विशिष्ट पोज़ के बिना असंरचित है यह शुरुआती लोगों के लिए उपयुक्त बनाता है लेकिन आप गर्मी द्वारा प्रस्तुत औसत चुनौती पर विचार करते हैंकुंडलिनी ने शरीर को मामूली पर अपने प्रभावों को बढ़ाने के लिए ध्यान का उपयोग किया, क्योंकि यह जागरूकता बढ़ाता है और आपके लिए मजबूत होता हैअधिक प्रामाणिक के लिए अनुमति देने के लिए आप इस दिल को वापस योगेश की शुरुआत में अपनी खोज में आध्यात्मिक ऊंचाई कुंडलिनी की तलाश मेंयोग में सांस लेने और योग में मंत्रों के साथ आंदोलन आंदोलन शारीरिक और विशेष रूप से शारीरिक के साथ शारीरिक को जोड़ता हैमैं एक व्यस्त दिमाग में ऊर्जा प्रदान करना चाहता हूं, नियमित अभ्यास के लाभों या शांत उत्पादन और तनाव की भावना फ्लेक्स के प्रचलन में सुधारगुस्से में संयुक्त संयुक्त गतिशीलता योग में पीछे सिद्धांत आतंकवाद की येन और युवा अवधारणा है जो चाहता हैप्रकृति के सभी विपरीत अभ्यास फर्श पर किए जाते हैं और इस प्रभाव के समय एक लंबे समय तक एक पोस्ट आयोजित करते हैंशरीर के निचले हिस्से विशेष रूप से रीढ़ की हड्डी में कूल्हों का आकार 5 मिनट या उससे अधिक समय तक आयोजित किया जा सकता हैदक्षिण अफ्रीका उत्तेजनाओं को एक निरंतर आधार पर मन आसानी से अतिभारित हो जाता है और अभिभूत हो जाता है यह इस हद तक लोगों के लिए सामान्य माना जाता हैलाश राजमार्ग व्यक्तित्वों की वस्तुएं वे हमेशा तत्परता की भावना से भरी हुई हैं, जो हमेशा इस कदम पर होती है कि शरीर मन में आराम करने में असमर्थ है मैं क्यूई बन सकता हूंयोग में मन और शरीर में संतुलन वापस लाता है। लंबे पोज ऊतकों को बढ़ाते हैं और शरीर को अनुमति देते हैंमन में योग में अवांछित विचारों और भावनाओं को दबाने में बहुत ऊर्जा का विस्तार किया जाता है।योग की कहानी आपके मन और शरीर की ओर थी, यह आसान धीमी गति से चलती है, जो कि अन्य विश्राम प्रो की स्थिति प्रदान करने के लिए कितनी देर हैबस ब्लॉक का उपयोग आपको योग के अपने पोस्ट पर रखने में मदद करने के लिए किया जा सकता है जब आप के आसपास सब कुछ के रूप में सोचते हैं तो आपको धीमा कर देता हैएक पागल दुनिया में शांति', 1, 4),
(2, 'नवीनतम में आपका स्वागत है औरमैं आपको यहां रखने के लिए बहुत उत्साहित हूं और मुझे पता है कि यह आपके लिए बहुत उपयोगी होगा यह विशेष वीडियो प्रशिक्षण आपको दिखाया गया थासबसे प्रभावी का उपयोग करनाप्रशिक्षण वीडियो आपको नवीनतम वीडियो मार्केटिंग रणनीति दिखाने के लिए तैयार हैंयह वही है जो आप वीडियो नंबर एक सीखना चाहते हैं, वीडियो नंबर 2 के बारे में वीडियो मार्केटिंग क्या हैस्टेप वीडियो नंबर 4 द्वारा अपना मार्केटिंग वीडियो स्टेप बनानाअपने वीडियो को सही स्थानों पर अपलोड करना जब आपका नंबर 5 आपके वीडियो का विज्ञापन करता है तो फ्रीवे ने कभी भी हर बार सेक्स नहीं कियावीडियो नंबर 7 YouTube वीडियो के साथ एक सफल वीडियो मार्केटिंग अभियान चला रहा हैमौसम के साथ एक सफल वीडियो विपणन अभियान चलानास्नैपचैट वीडियो नंबर 11 उन्नत वीडियो के साथ सफल वीडियो मार्केटिंग अभियानवीडियो नंबर 14 मक्खी का उपयोग करनाउन्नत वीडियो मार्केटिंग और सोशल मीडिया वीडियो नंबर 16 अपने वीडियो को आउटसोर्सिंगवीडियो मार्केटिंग सफलता की कहानियांवैसे यह आपके लिए सबसे उन्नत वीडियो मार्केटिंग शुरू करने का समय है', 2, 5),
(3, 'Bienvenido a lo último yEstoy muy emocionado de tenerte aquí y sé que esto será muy útil para ti. Esta capacitación de video exclusiva fue show you stepUsando el más efectivolisto para mostrarle la última estrategia de marketing de videoEsto es exactamente lo que desea aprender el video número uno, ¿qué es el marketing de video sobre el video número 2?Creando su video de marketing paso a paso video número 4Subiendo su video a los lugares correctos cuando su número 5 anunciando sus videos la autopista nunca se sexo cada vezVideo número 7 que ejecuta una campaña de marketing de video exitosa con YouTube Video que ejecuta un exitosoejecutar una exitosa campaña de marketing de video con el climaCampaña de marketing de video exitosa con Snapchat Video número 11 Videos avanzadosVideo número 14 usando la moscaVideo de video avanzado y redes sociales Video número 16 Subcontratación de su video¿Nunca fue 17 Video Marketing Video Marketing Tools PremiumHistorias de éxito de marketing de videoBueno, es hora de que comiences a obtener el negocio más descargado, sé que amas esta capacitación.', 3, 5),
(4, 'Bienvenue dans le dernier etJe suis très heureux de vous avoir ici et je sais que cela sera très utile pour vous, cette formation vidéo exclusive vous a été montrer étapeen utilisant le plus efficaceDes vidéos de formation prête à vous montrer la dernière stratégie de marketing vidéoC\'est exactement ce que vous voulez apprendre la vidéo numéro un Qu\'est-ce que le marketing vidéo tout sur la vidéo numéro 2Création de votre vidéo marketing étape par étape numéro 4Télécharger votre vidéo aux bons endroits où votre numéro 5 annonce vos vidéos, l\'autoroute n\'a jamais sexulé à chaque foisVidéo numéro 7 exécutant une campagne de marketing vidéo réussie avec une vidéo YouTube exécutant un succèsexécuter une campagne de marketing vidéo réussie avec la météoCampagne de marketing vidéo réussie avec Snapchat Video numéro 11 Videos avancéesVidéo numéro 14 en utilisant la mouchemarketing vidéo avancé et vidéo de médias sociaux numéro 16 externalisation de votre vidéoAvez-vous jamais 17 outils de marketing vidéo marketing vidéoSuccès de réussite marketing vidéoEh bien, il est temps pour vous de commencer à obtenir le plus de téléchargement de votre entreprise que je sais que vous aimez cette formation', 4, 5),
(5, 'مرحبًا بك في الأحدث وأنا متحمس جدًا لوجودك هنا وأعلم أن هذا سيكون مفيدًا جدًا لكباستخدام الأكثر فعاليةتدريب مقاطع فيديو جاهزة لتظهر لك أحدث استراتيجية تسويق الفيديوهذا هو بالضبط ما تريد تعلمه رقم الفيديو رقم واحد ما هو تسويق الفيديو كل شيء عن الفيديو رقم 2إنشاء الفيديو التسويقي خطوة بخطوة رقم 4تحميل الفيديو الخاص بك إلى الأماكن الصحيحة عندما يعلن الرقم 5 الخاص بك مقاطع الفيديو الخاصة بك بالمسار السريع لم يسبق له ممارسة الجنس في كل مرةإدارة حملة تسويق فيديو ناجحة مع الطقسحملة تسويق الفيديو الناجحة مع Snapchat Video Number 11 مقاطع فيديو متقدمةرقم الفيديو 14 باستخدام الذبابةتسويق الفيديو المتقدم ووسائل الإعلام الاجتماعية رقم 16 الاستعانة بمصادر خارجية الفيديو الخاص بكهل لم تقم أبداً بـ 17 أدوات تسويق فيديو تسويق الفيديوقصص نجاح تسويق الفيديوحسنًا ، لقد حان الوقت لكي تبدأ في الحصول على أقصى تنزيل ، وأنا أعلم أنك تحب هذا التدريب', 5, 5),
(6, 'वीडियो मार्केटिंग क्या हैसोशल नेटवर्क पर वीडियो मार्केटिंग वीडियो क्या है, सबसे अच्छे उपकरणों में से एक है जिसका उपयोग हम उपयोगकर्ताओं के एक बड़े द्रव्यमान तक पहुंचने के लिए कर सकते हैं।वीडियो देख रहा है वीडियो ऑडियो दृश्य समर्थन का उपयोग सार्वजनिक विज्ञान के लिए किया जाता हैवीडियो मार्केटिंग भी एक सामाजिक उपभोक्ताओं और ग्राहकों और दृष्टिकोणों में भागीदारी को चलाने के लिए इस पद्धति का उपयोग कर रही हैआपको अपने व्यवसाय में वीडियो का उपयोग क्यों करना चाहिए उन चीजों में से एक जो लाखों उपयोगकर्ता सोशल नेटवर्क या वीडियो पर और इसके लिए देखते हैंयह 50% से अधिक उपभोक्ताओं के अध्ययन के अनुसार एक ब्रांड या उत्पाद प्रकाशित करने का सबसे अच्छा तरीका हैपृष्ठ से अधिक रूपांतरण दर बढ़ा सकते हैंईमेल पते की विषय पंक्ति पर शब्द वीडियो का सरल संदर्भ प्रस्तुत करेंकंपनी की बिक्री और उपभोग के तरीके को बदलेंक्यों यह भी संशोधित कर रहा है जिस तरह से सेल को संभावित ग्राहकों से जोड़ा जाता है, इसे सेवा टीमों का समर्थन भी बनाया जाता है और ग्राहकों को मोहित कर दिया जाता हैवीडियो एक अद्भुत उपयोगी उपकरण है यदि आप हमारे ब्रांड जागरूकता प्रकार के विपणन वीडियो को बढ़ाना चाहते हैं, इससे पहले कि आप वीडियो रिकॉर्ड करेंआपको यह पता लगाना चाहिए कि आप यहां किस प्रकार के वीडियो बनाना चाहते हैं, वे विकल्प हैं जो डेमो वीडियो हैं ये वीडियो यह दिखाने के लिए जा रहे हैं कि आपका उत्पाद कैसे काम करता हैक्या यह सॉफ्टवेयर का पता लगाने के लिए जनता को चलाना है और इसका उपयोग कैसे किया जा सकता है या एक भौतिक उत्पाद विकसित किया जा सकता है और ब्रांडेड वीडियो का परीक्षण किया जा सकता हैब्रांडेड वीडियो आमतौर पर एक बड़े विज्ञापन अभियान के हिस्से के रूप में बनाए जाते हैं जो विश्लेषण उत्पाद का विश्लेषण करता हैऔर सेवा वीडियोविश्वास बनाने के सर्वोत्तम तरीकों में से एक औरशैक्षिक निर्देशात्मक वीडियो आप इसका उपयोग कर सकते हैंअपने व्यवसाय और इसके समाधान व्याख्यात्मक वीडियो को समझेंआपके दर्शकों को अधिक स्पष्ट रूप से समझने में मदद करने के लिए किस प्रकार के वीडियो का उपयोग किया गया था ताकि आपके उत्पाद या सेवा को एनिमेटेड वीडियो की आवश्यकता होऔर एक अमूर्त सेवा या उत्पाद को प्रदर्शित करने के लिए मजबूत छवियों की आवश्यकता हैग्राहक प्रशंसापत्र के अध्ययन और वीडियो उनकी समस्याओं और सत्यापित करने के सर्वोत्तम तरीकों में से एक ग्राहककेस स्टडी वीडियो के निर्माण के माध्यम से ग्राहक प्रशंसापत्र संतुष्ट और वफादार ग्राहकों के वीडियो लाइव वीडियोसंवर्धित वास्तविकता वीडियो वीडियो शामिल हैआप अपने कैमरे को रसोई पर केंद्रित कर सकते हैं और आपको यह देखने की अनुमति देता है कि आपकी रसोई में क्या दिखते हैं।सबसे अच्छा वीडियो पाठ संदेश उपयोग करघे के बारे में बात करना जारी रखने के लिए सबसे रचनात्मक तरीकों में से एक होने के लिए आप खुद को रिकॉर्ड कर सकते हैंसबसे लोकप्रिय वीडियोक्या आपके पास अपने वीडियो साझा करने के लिए कई विकल्प हैं और आपके उपयोगकर्ता उन्हें YouTube का आनंद लेना शुरू कर सकते हैं यह दुनिया का सबसे बड़ा वीडियो होस्टिंग प्लेटफॉर्म हैयह Google के बाद दूसरा सबसे बड़ा मंच है और होस्ट पर सबसे लोकप्रिय वेबसाइट हैसबसे बड़े वीडियो में प्रति माह 715 मिलियन विज़िट हैंकंपनियों के लिए विशेष रूप से बनाए गए विडमेट फ़ोल्डर वीडियोयह आपको वीडियो सक्षम व्यवसाय को बदलने की भी अनुमति देता है', 6, 6),
(7, '¿Qué es el video marketing?¿Qué son los videos de marketing de video en las redes sociales son una de las mejores herramientas que podemos usar para llegar a una gran masa de usuarios, ya que una de las cosas?está viendo videos video El soporte visual de audio se utiliza para la ciencia públicaEl video marketing también está utilizando este método para ejecutar la participación en un consumidor social y clientes y enfoques.¿Por qué debería usar el video en su negocio una de las cosas que millones de usuarios ven en redes sociales o videos y para esto?Esta es una de las mejores formas de publicar una marca o producto de acuerdo con los estudios que más del 50% de los consumidores quieren ver videos de marca.La página puede aumentar las tasas de conversión en más dePresente la simple referencia de la palabra video en la línea de asunto del correo electrónico aumenta la tarifa urbanaCambiar la forma en que la venta de la empresa y el consumoPor qué también está modificando la forma en que la celda está vinculada a clientes potenciales, también se hace que los equipos de servicio admitan y cautiven a los clientesEl video es una herramienta útil maravillosa si desea aumentar los tipos de concientización de marca de videos de marketing antes de comenzar a grabar videoDebe encontrar qué tipo de video desea crear aquí son las opciones de demostración de videos. Estos videos mostrarán cómo funciona su producto.Si se trata de impulsar al público a explorar el software y cómo se puede usar o tener un producto físico, se puede desarrollar y probar videos de marcaLos videos de marca generalmente se crean como parte de una campaña publicitaria más grande que análisis de análisisy videos de serviciosuna de las mejores formas de generar confianza yVideos educativos de instrucción puede usar estoComprender su negocio y sus soluciones videos explicativos¿Qué tipo de video se utilizó para ayudar a su audiencia a comprender más claramente para que su producto o servicio sea necesario videos animados?y que necesitan imágenes fuertes para demostrar y abstracto servicio o productoEstudios y videos de los testimonios de clientes con el cliente sus problemas y una de las mejores maneras de verificares a través de la creación de videos de estudio de caso de clientes de clientes de clientes a clientes satisfechos y fieles videos en vivoVideos de realidad aumentada El video está incorporadoPuede enfocar su cámara en la cocina y le permite ver cómo se ve su cocina en el espacio los mensajesEl mejor video para ser una de las formas más creativas de continuar hablando sobre mensajes de texto, uso de telares, puede grabar su resumenlos videos más populares¿Tiene varias opciones para compartir sus videos y sus usuarios pueden comenzar a disfrutarlos de YouTube Esta es la plataforma de alojamiento de video más grande del mundo?Videos más grandes tienen 715 millones de visitas por mes significativamente más pequeñas que YouTube mejor tiene muchosTambién le permite transformar el negocio de habilitar el video', 7, 6),
(8, 'Qu\'est-ce que le marketing vidéoQu\'est-ce que les vidéos de marketing vidéo sur les réseaux sociaux sont l\'un des meilleurs outils que nous pouvons utiliser pour atteindre une grande masse d\'utilisateurs, car l\'une des chosesRegarder des vidéos La prise en charge de l\'audio visuel est utilisée pour la science publiqueLe marketing vidéo utilise également cette méthode pour gérer la participation à des consommateurs sociaux et des clients et des approchesPourquoi devriez-vous utiliser une vidéo dans votre entreprise l\'une des choses que des millions d\'utilisateurs regardent sur les réseaux sociaux ou les vidéos et pour celaC\'est l\'un des meilleurs moyens de publier une marque ou un produit selon des études, plus de 50% des consommateurs souhaitent regarder des vidéos de marquela page peut augmenter les taux de conversion de plus dePrésentez la référence simple du mot vidéo sur la ligne d\'objet de l\'adresse e-mailChanger la façon dont l\'entreprise vente et consommerPourquoi il modifie également la façon dont la cellule est liée à des clients potentiels, il est également fait prendre en charge les équipes de service et captiver les clientsLa vidéo est un merveilleux outil utile si vous souhaitez augmenter nos types de vidéos de marketing de notoriété avant de commencer à enregistrer la vidéoVous devez trouver le type de vidéo que vous souhaitez créer, voici les options de démonstration de vidéos Ces vidéos vont montrer comment votre produit fonctionneQue ce soit pour conduire le public à explorer les logiciels et comment il peut être utilisé ou avoir un produit physique peut être développé et testé des vidéos de marqueLes vidéos de marque sont-elles généralement créées dans le cadre d\'une campagne publicitaire plus large qui analyse le produitet des vidéos de servicesL\'une des meilleures façons de renforcer la confiance etvidéos pédagogiques éducatives que vous pouvez utiliser ceciComprendre votre entreprise et ses solutions vidéos explicativesQuel type de vidéo a été utilisé pour aider votre public à comprendre plus clairement afin que votre produit ou service soit nécessaire des vidéos animéesEt cela a besoin d\'images fortes pour démontrer et un service ou un produit abstraitÉtudes et vidéos de témoignages clients client leurs problèmes et l\'un des meilleurs moyens de vérifierest à travers la création de vidéos d\'étude de cas de témoignage client satisfait et fidèle des vidéos en direct des clientsLes vidéos de réalité augmentée vidéo sont incorporéesVous pouvez concentrer votre appareil photo sur la cuisine et vous permet de voir à quoi ressemble votre cuisine dans l\'espace les messagesLa meilleure vidéo pour être l\'une des façons les plus créatives de continuer à parler de la messagerie texte Utiliser des métiers à profitles vidéos les plus populairesAvez-vous plusieurs options pour partager vos vidéos et vos utilisateurs peuvent commencer à les apprécier YouTube, c\'est la plus grande plate-forme d\'hébergement vidéo au mondeIl s\'agit de la deuxième plus grande plate-forme après Google et le site Web le plus populaire de l\'hôteles plus grandes vidéos Il a 715 millions de visites par mois nettement plus petites que YouTube mieux en a beaucoupvidéos de dossiers vidmate créées exclusivement pour les entreprisesIl vous permet également de transformer la vidéo activer les affaires', 8, 6),
(9, 'वीडियो मार्केटिंग क्या हैसोशल नेटवर्क पर वीडियो मार्केटिंग वीडियो क्या है, सबसे अच्छे उपकरणों में से एक है जिसका उपयोग हम उपयोगकर्ताओं के एक बड़े द्रव्यमान तक पहुंचने के लिए कर सकते हैं।वीडियो देख रहा है वीडियो ऑडियो दृश्य समर्थन का उपयोग सार्वजनिक विज्ञान के लिए किया जाता हैवीडियो मार्केटिंग भी एक सामाजिक उपभोक्ताओं और ग्राहकों और दृष्टिकोणों में भागीदारी को चलाने के लिए इस पद्धति का उपयोग कर रही हैआपको अपने व्यवसाय में वीडियो का उपयोग क्यों करना चाहिए उन चीजों में से एक जो लाखों उपयोगकर्ता सोशल नेटवर्क या वीडियो पर और इसके लिए देखते हैंयह 50% से अधिक उपभोक्ताओं के अध्ययन के अनुसार एक ब्रांड या उत्पाद प्रकाशित करने का सबसे अच्छा तरीका हैपृष्ठ से अधिक रूपांतरण दर बढ़ा सकते हैंईमेल की विषय पंक्ति पर शब्द वीडियो का सरल संदर्भ प्रस्तुत करता है, शहरी दर बढ़ाता हैकंपनी की बिक्री और उपभोग के तरीके को बदलेंक्यों यह भी संशोधित कर रहा है जिस तरह से सेल को संभावित ग्राहकों से जोड़ा जाता है, इसे सेवा टीमों का समर्थन भी बनाया जाता है और ग्राहकों को मोहित कर दिया जाता हैवीडियो एक अद्भुत उपयोगी उपकरण है यदि आप हमारे ब्रांड जागरूकता प्रकार के विपणन वीडियो को बढ़ाना चाहते हैं, इससे पहले कि आप वीडियो रिकॉर्ड करेंआपको यह पता लगाना चाहिए कि आप यहां किस प्रकार का वीडियो बनाना चाहते हैं, वे विकल्प डेमो वीडियो हैं जो इन वीडियो को दिखाने जा रहे हैं कि आपका उत्पाद कैसे काम करता हैक्या यह सॉफ्टवेयर का पता लगाने के लिए जनता को चलाना है और इसका उपयोग कैसे किया जा सकता है या एक भौतिक उत्पाद विकसित किया जा सकता है और ब्रांडेड वीडियो का परीक्षण किया जा सकता हैब्रांडेड वीडियो आमतौर पर एक बड़े विज्ञापन अभियान के हिस्से के रूप में बनाए जाते हैं जो विश्लेषण उत्पाद का विश्लेषण करता हैऔर सेवा वीडियोविश्वास बनाने के सर्वोत्तम तरीकों में से एक औरअपने व्यवसाय और इसके समाधान व्याख्यात्मक वीडियो को समझेंआपके दर्शकों को अधिक स्पष्ट रूप से समझने में मदद करने के लिए किस प्रकार के वीडियो का उपयोग किया गया था ताकि आपके उत्पाद या सेवा को एनिमेटेड वीडियो की आवश्यकता होऔर एक अमूर्त सेवा या उत्पाद को प्रदर्शित करने के लिए मजबूत छवियों की आवश्यकता हैग्राहक प्रशंसापत्र के अध्ययन और वीडियो उनकी समस्याओं और सत्यापित करने के सर्वोत्तम तरीकों में से एक ग्राहककेस स्टडी वीडियो के निर्माण के माध्यम से ग्राहक प्रशंसापत्र संतुष्ट और वफादार ग्राहकों के वीडियो लाइव वीडियोसंवर्धित वास्तविकता वीडियो वीडियो शामिल हैआप अपने कैमरे को रसोई पर केंद्रित कर सकते हैं और आपको यह देखने की अनुमति देता है कि आपकी रसोई में क्या दिखते हैं।सबसे अच्छा वीडियो पाठ संदेश उपयोग करघे के बारे में बात करना जारी रखने के लिए सबसे रचनात्मक तरीकों में से एक होने के लिए आप खुद को रिकॉर्ड कर सकते हैंसबसे लोकप्रिय वीडियोक्या आपके पास अपने वीडियो साझा करने के लिए कई विकल्प हैं और आपके उपयोगकर्ता उन्हें YouTube का आनंद लेना शुरू कर सकते हैं यह दुनिया का सबसे बड़ा वीडियो होस्टिंग प्लेटफॉर्म हैयह Google के बाद दूसरा सबसे बड़ा मंच है और होस्ट पर सबसे लोकप्रिय वेबसाइट हैसबसे बड़े वीडियो में प्रति माह 715 मिलियन विज़िट हैंकंपनियों के लिए विशेष रूप से बनाया गयायह आपको वीडियो सक्षम व्यवसाय को बदलने की भी अनुमति देता है', 9, 7),
(10, '¿Qué es el video marketing?¿Qué son los videos de marketing de video en las redes sociales son una de las mejores herramientas que podemos usar para llegar a una gran masa de usuarios, ya que una de las cosas?está viendo videos video El soporte visual de audio se utiliza para la ciencia públicaEl video marketing también está utilizando este método para ejecutar la participación en un consumidor social y clientes y enfoques.¿Por qué debería usar el video en su negocio una de las cosas que millones de usuarios ven en redes sociales o videos y para esto?Esta es una de las mejores formas de publicar una marca o producto de acuerdo con los estudios que más del 50% de los consumidores quieren ver videos de marca.La página puede aumentar las tasas de conversión en más dePresente la simple referencia de la palabra video en la línea de asunto del correo electrónico aumenta la tarifa urbanaCambiar la forma en que la venta de la empresa y el consumoPor qué también está modificando la forma en que la celda está vinculada a clientes potenciales, también se hace que los equipos de servicio admitan y cautiven a los clientesEl video es una herramienta útil maravillosa si desea aumentar los tipos de concientización de marca de videos de marketing antes de comenzar a grabar videoDebe encontrar qué tipo de video desea crear aquí son las opciones de demostración de videos. Estos videos mostrarán cómo funciona su producto.Si se trata de impulsar al público a explorar el software y cómo se puede usar o tener un producto físico, se puede desarrollar y probar videos de marcaLos videos de marca generalmente se crean como parte de una campaña publicitaria más grande que análisis de análisisy videos de serviciosuna de las mejores formas de generar confianza yVideos educativos de instrucción puede usar estoComprender su negocio y sus soluciones videos explicativos¿Qué tipo de video se utilizó para ayudar a su audiencia a comprender más claramente para que su producto o servicio sea necesario videos animados?y que necesitan imágenes fuertes para demostrar y abstracto servicio o productoEstudios y videos de los testimonios de clientes con el cliente sus problemas y una de las mejores maneras de verificares a través de la creación de videos de estudio de caso de clientes de clientes de clientes a clientes satisfechos y fieles videos en vivoVideos de realidad aumentada El video está incorporadoPuede enfocar su cámara en la cocina y le permite ver cómo se ve su cocina en el espacio los mensajesEl mejor video para ser una de las formas más creativas de continuar hablando sobre mensajes de texto, uso de telares, puede grabar su resumenlos videos más populares¿Tiene varias opciones para compartir sus videos y sus usuarios pueden comenzar a disfrutarlos de ellos, esta es la plataforma de alojamiento de video más grande del mundo?Es la segunda plataforma más grande después de Google y el sitio web más popular en el host delVideos más grandes tienen 715 millones de visitas por mes significativamente más pequeñas que YouTube mejor tiene muchoscreado exclusivamente para empresasTambién le permite transformar el negocio de habilitar el video', 10, 7),
(11, 'Qu\'est-ce que le marketing vidéoQu\'est-ce que les vidéos de marketing vidéo sur les réseaux sociaux sont l\'un des meilleurs outils que nous pouvons utiliser pour atteindre une grande masse d\'utilisateurs, car l\'une des chosesRegarder des vidéos La prise en charge de l\'audio visuel est utilisée pour la science publiqueLe marketing vidéo utilise également cette méthode pour gérer la participation à des consommateurs sociaux et des clients et des approchesPourquoi devriez-vous utiliser une vidéo dans votre entreprise l\'une des choses que des millions d\'utilisateurs regardent sur les réseaux sociaux ou les vidéos et pour celaC\'est l\'un des meilleurs moyens de publier une marque ou un produit selon des études, plus de 50% des consommateurs souhaitent regarder des vidéos de marquela page peut augmenter les taux de conversion de plus dePrésentez la simple référence du mot vidéo sur la ligne d\'objet de l\'e-mail augmente le tarif urbainChanger la façon dont l\'entreprise vente et consommerPourquoi il modifie également la façon dont la cellule est liée à des clients potentiels, il est également fait prendre en charge les équipes de service et captiver les clientsLa vidéo est un merveilleux outil utile si vous souhaitez augmenter nos types de vidéos de marketing de notoriété avant de commencer à enregistrer la vidéoVous devez trouver le type de vidéo que vous souhaitez créer, voici les options de démonstration de vidéos Ces vidéos vont montrer comment votre produit fonctionneQue ce soit pour conduire le public à explorer les logiciels et comment il peut être utilisé ou avoir un produit physique peut être développé et testé des vidéos de marqueLes vidéos de marque sont-elles généralement créées dans le cadre d\'une campagne publicitaire plus large qui analyse le produitet des vidéos de servicesL\'une des meilleures façons de renforcer la confiance etvidéos pédagogiques éducatives que vous pouvez utiliser ceciComprendre votre entreprise et ses solutions vidéos explicativesQuel type de vidéo a été utilisé pour aider votre public à comprendre plus clairement afin que votre produit ou service soit nécessaire des vidéos animéesEt cela a besoin d\'images fortes pour démontrer un service ou un produit abstraitÉtudes et vidéos de témoignages clients client leurs problèmes et l\'un des meilleurs moyens de vérifierest à travers la création de vidéos d\'étude de cas de témoignage client satisfait et fidèle des vidéos en direct des clientsLes vidéos de réalité augmentée vidéo sont incorporéesVous pouvez concentrer votre appareil photo sur la cuisine et vous permet de voir à quoi ressemble votre cuisine dans l\'espace les messagesLa meilleure vidéo pour être l\'une des façons les plus créatives de continuer à parler de la messagerie texte Utiliser des métiers à profitles vidéos les plus populairesAvez-vous plusieurs options pour partager vos vidéos et vos utilisateurs peuvent commencer à les apprécier YouTube, c\'est la plus grande plate-forme d\'hébergement vidéo au mondeIl s\'agit de la deuxième plus grande plate-forme après Google et le site Web le plus populaire de l\'hôteles plus grandes vidéos Il a 715 millions de visites par mois nettement plus petites que YouTube mieux en a beaucoupvidéos de dossiers vidmate créées exclusivement pour les entreprisesIl vous permet également de transformer la vidéo activer les affaires', 11, 7),
(12, 'ما هو تسويق الفيديو كل شيءما هو مقاطع فيديو تسويق الفيديو على الشبكات الاجتماعية هي واحدة من أفضل الأدوات التي يمكننا استخدامها للوصول إلى كتلة كبيرة من المستخدمين لأن أحد الأشياءيشاهد مقاطع الفيديو الدعم البصري للفيديو للفيديو للعلوم العامةيستخدم تسويق الفيديو أيضًا هذه الطريقة لتشغيل المشاركة في المستهلكين الاجتماعيين والعملاء والمناهجلماذا يجب أن تستخدم الفيديو في عملك أحد الأشياء التي يشاهدها ملايين المستخدمين على الشبكات الاجتماعية أو مقاطع الفيديو ولهذاهذه واحدة من أفضل طريقة لنشر علامة تجارية أو منتج وفقًا للدراسات التي يرغب أكثر من 50 ٪ من المستهلكين في مشاهدة مقاطع فيديو العلامة التجاريةيمكن أن تزيد الصفحة من معدلات التحويل بأكثر منقدم المرجع البسيط لكلمة الفيديو على سطر الموضوع لعنوان البريد الإلكترونيتغيير طريقة بيع الشركة والاستهلاكلماذا تقوم أيضًا بتعديل الطريقة التي ترتبط بها الخلية بالعملاء المحتملين ، كما أنها تعمل على دعم فرق الخدمة ويدعمها العملاءيعد الفيديو أداة مفيدة رائعة إذا كنت ترغب في زيادة أنواع التوعية بمقاطع الفيديو التسويقية الخاصة بنا قبل البدء في تسجيل الفيديويجب أن تجد نوع الفيديو الذي تريد إنشاؤه هنا هو خيارات العرض التوضيحي هذه التي ستعرضها مقاطع الفيديو هذهسواء كان ذلك هو دفع الجمهور إلى استكشاف البرامج وكيف يمكن استخدامه أو الحصول على منتج مادي يمكن تطوير مقاطع فيديو ذات علامة تجاريةعادةً ما يتم إنشاء مقاطع الفيديو ذات العلامات التجارية كجزء من حملة إعلانية أكبر منتج تحليلومقاطع الفيديو الخدماتواحدة من أفضل الطرق لبناء الثقة ومقاطع فيديو تعليمية تعليمية يمكنك استخدام هذافهم عملك وحلوله مقاطع فيديو توضيحيةأي نوع من الفيديو الذي تم استخدامه لمساعدة جمهورك على الفهم بشكل أكثر وضوحًا بحيث يكون منتجك أو خدمتك مطلوبة مقاطع فيديو متحركةوالتي تحتاج إلى صور قوية لإظهار وتجريد الخدمة أو المنتجدراسات ومقاطع فيديو لشهادات العملاء العميل عميل مشاكلهم وواحدة من أفضل الطرق للتحققمن خلال إنشاء مقاطع فيديو لدراسة الحالة لمقاطع الفيديو المثيرة للاختارةتم دمج فيديوهات الواقع المعززيمكنك تركيز الكاميرا على المطبخ وتتيح لك رؤية شكل مطبخك في المساحة الرسائلأفضل مقطع فيديو ليكون أحد أكثر الطرق إبداعًا لمواصلة الحديث عن استخدام الرسائل النصية ، يمكنك تسجيل نفسك تلخيصًاهل لديك العديد من الخيارات لمشاركة مقاطع الفيديو الخاصة بك ويمكن للمستخدمين البدء في الاستمتاع بها على YouTube ، وهذا هو أكبر منصة استضافة الفيديو في العالمإنه ثاني أكبر منصة بعد Google وموقع الويب الأكثر شعبية على المضيفأكبر مقاطع فيديو لديها 715 مليون زيارة شهريًا أصغر بكثير من YouTube بشكل أفضلتم إنشاؤها حصريًا للشركاتكما يسمح لك بتحويل أعمال الفيديو', 12, 7),
(13, 'एक सफल वीडियो की योजना बनानारिंग रणनीति एक उत्कृष्ट वीडियो विपणन रणनीति विकसित करने के लिए आपको निम्नलिखित चरणों को ध्यान में रखने की आवश्यकता है जो अपने लक्ष्यों को परिभाषित करेंयह जानने के लिए कि क्या आपने वास्तव में हासिल किया है कि आपने क्या कहा है कि अपनी वीडियो मार्केटिंग रणनीति के साथ कैसे प्राप्त करें आपको दुखी करना चाहिए लड़कियों के कंडक्टर सामग्री हैबनाएंमिशन स्टेटमेंट कंटेंट मार्केटिंग इंस्टीट्यूट के संस्थापक का सुझाव है कि आप उत्सर्जन विवरण के साथ अपनी सामग्री विपणन रणनीति शुरू करते हैंअपने दर्शकों के लिए एक साधारण एक लाइन होना चाहिएजो वास्तव में दिलचस्प हैवे क्या पसंद करते हैं और कमजोरियों के साथ जानना आपकी बहुत मदद कर रहे हैंजब अलग होगाअधिक विशिष्ट वीडियो प्राप्त करने के लिए अधिक विशिष्टजिस प्रकार की कहानी के बारे में आप बताना चाहते हैं कि आप इसे सबसे अच्छा वीडियो कैसे कर सकते हैं और किस शैलियों और प्रकार के वीडियो के बारे में सोचेंध्यान रखें कि यह संभावना है कि आपके दर्शकों को अपनी यात्रा के अलग -अलग समय पर विभिन्न प्रकार के वीडियो और संदेशों की आवश्यकता होती हैआप इस बारे में क्या सोचते हैं कि ये किस तरह के कुछ सवाल हैं, आपको खुद से पूछना चाहिए कि आपको एक विचार है कि आपको निवेश करने की कितनी आवश्यकता हैआप अपने वीडियो रणनीति में अपनी वित्तीय स्थिति में किस तरह के वीडियो का वर्णन करना चाहते हैंयदि आप वीडियो आंतरिक उत्पादन करना चाहते हैं, तो आप क्या वीडियो बनाते हैं और आम तौर पर या उन्हें किसी बाहरी उत्पादन कंपनी में आउटसोर्स करते हैंएक वीडियो उपकरण वीडियो विपणनतिपाई वीडियो कैमरास्टेबलाइज़र लेंस माइक्रोफोनसॉफ़्टवेयर के लिए संपादन ऐप जिसे आप अभिनेताओं को किराए पर लेना चाहते हैं, याद रखें कि पेशेवर अभिनेताओं को काम पर रखने वाले आपके वीडियो बनाने की लागत बढ़ाई गईंरचनात्मक अवधारणाओं के लिए जिम्मेदार व्यक्ति कौन हैसंपर्क बनाने के लिए कौन जिम्मेदार है जो वीडियो सत्र पर लॉजिस्टिक्स का आयोजन करता हैवीडियो का कोडिंग और संपादन जो बेहतरीन वीडियो वितरित करने के लिए जिम्मेदार है, यह परिभाषित करता है कि आप अपने वीडियो को कहाँ स्टोर करेंगे, आपको यह निर्धारित करना होगा कि कहांनिम्नलिखित चैनलों पर विचार करें जिनमें आपकी वेबसाइट मार्केटिंग अभियान के विभिन्न पृष्ठ शामिल हैंईमेल मार्केटिंग अभियान सोशल मीडिया चैनल YouTube आपके परिणाम को मापते हैंइस तरह आप सिर्फ वीडियो में अपना निवेश खोज सकते हैंएक बार जब आप रसद स्थापित कर लेते हैं तो आप निर्धारित कर सकते हैं कि आपकी वीडियो सामग्री आपके उद्देश्यों तक पहुंच रही है', 13, 8),
(14, 'Planificación de un video exitosoGangster Energy Para desarrollar una excelente estrategia de marketing de video, debe tener en cuenta los siguientes pasos definen sus objetivosPara saber si realmente ha logrado lo que dijo cómo lograr con su estrategia de video marketing, debe tristar el conductor de chicas es el contenidocrearDeclaración de misión El fundador del Content Marketing Institute sugiere que comience su estrategia de marketing de contenido con la declaración de emisión que esDebe ser una línea ordinaria para su audienciaquien es realmente interesanteDefinir las debilidades de un objeto te ayudan muchoserá diferente cuandocuanto más específicos son los mejores videos para obtenerPiense en el tipo de historia que desea decir cómo puede hacerlo el mejor video y qué estilos y tipos de video son másTenga en cuenta que es probable que su audiencia necesite varios tipos de videos y mensajes en diferentes momentos de su viaje cuando¿Qué piensas sobre qué tipo de estas son algunas preguntas que debes hacerte?¿Qué tipo de videos desea crear un proyecto que describe en su estrategia de videos su estado financiero?Lo que hace videos y en general o los subcontrata a una compañía de producción externa si desea producir videos internosUn equipo de video marketing de videocámara de video de trípodeMicrófono de lente estabilizadorAplicación de edición para el software que desea contratar a actores Recuerde que la contratación de actores profesionales aumentaron el costo de producir videos¿Quién es la persona responsable de los conceptos creativos?quien es responsable de hacer el contacto que organiza la logística en la sesión de video que hacecodificación y edición del video que es responsable de distribuir los mejores videos definen dónde almacenará su video, debe determinar dóndeConsidere los siguientes canales que incluyen varias páginas en la campaña de marketing de su sitio webCampañas de marketing por correo electrónico Los canales de redes sociales de YouTube miden su resultadoUna vez que haya establecido la logística, puede determinar que su contenido de video está alcanzando sus objetivos', 14, 8),
(15, 'Planifier une vidéo réussieGangster Energy pour développer une excellente stratégie de marketing vidéo, vous devez prendre en compte les étapes suivantes définissent vos objectifsPour savoir si vous avez réellement réellement réalisé ce que vous avez dit à réaliser avec votre stratégie de marketing vidéo, vous devez le conducteur de filles tristes est le contenucréerÉnoncé de mission Le fondateur du Content Marketing Institute vous suggère de démarrer votre stratégie de marketing de contenu avec une déclaration d\'émission que vous êtesDoit être une ligne ordinaire pour votre publicQui est vraiment intéressantDéfinir un objet Les faiblesses vous aident grandementsera différent quandPlus les meilleures vidéos pour obtenirPensez au type d\'histoire que vous souhaitez raconter comment vous pouvez le faire la meilleure vidéo et quels styles et types de vidéos sont les plusGardez à l\'esprit qu\'il est probable que votre public ait besoin de différents types de vidéos et de messages à différents moments de son voyage lorsqueCe que vous pensez du type de ces questions que vous devez vous poser, vous avez une idée de combien vous devez investirQuel type de vidéos souhaitez-vous créer un projet que vous décrivez dans votre stratégie de vidéos votre situation financièreCe que vous faites des vidéos et généralement ou les externaliser à une société de production externe si vous souhaitez produire des vidéos internesUne vidéo marketing vidéo d\'équipement vidéocaméra vidéo trépiedMicrophone de l\'objectif du stabilisateurApplication de montage que vous souhaitez embaucher des acteurs rappelez-vous que l\'embauche d\'acteurs professionnels a augmenté le coût de la production de vos vidéosqui est la personne responsable des concepts créatifscodage et modification de la vidéo qui est responsable de la distribution des plus belles vidéos définir où vous stockez votre vidéo, vous devez déterminer oùConsidérez les canaux suivants qui incluent différentes pages de votre campagne de marketing de site WebCamponnes de marketing par e-mail canaux de médias sociaux YouTube mesure votre résultatDe cette façon, vous pouvez juste trouver votre investissement dans les vidéosUne fois que vous avez établi la logistique, vous pouvez déterminer votre contenu vidéo atteint vos objectifs', 15, 8),
(16, 'التخطيط لمقطع فيديو ناجحGangster Energy لتطوير استراتيجية ممتازة لتسويق الفيديو ، تحتاج إلى مراعاة الخطوات التالية تحدد أهدافكلمعرفة ما إذا كنت قد حققت بالفعل ما قلته كيفية تحقيقه من خلال استراتيجية تسويق الفيديو الخاصة بك ، يجب أن تكون قائد الفتيات المحزنون هو المحتوىيخلقبيان المهمة يقترح مؤسس معهد تسويق المحتوى أنك تبدأ استراتيجية تسويق المحتوى الخاصة بك مع بيان الانبعاثات أنتيجب أن يكون خطًا عاديًا لجمهوركمن هو حقا مثير للاهتمامإن تحديد نقاط الضعف في الكائن يساعدك بشكل كبيرسيكون مختلفا متىكلما كانت مقاطع الفيديو أفضلفكر في نوع القصة التي تريد أن تروي كيف يمكنك القيام بذلك بشكل أفضل وما هي الأنماط وأنواع الفيديوضع في اعتبارك أنه من المحتمل أن يحتاج جمهورك إلى أنواع مختلفة من مقاطع الفيديو والرسائل في أوقات مختلفة من رحلتهم عندماما رأيك في أي نوع من هذه الأسئلة التي يجب أن تطرحها على نفسك لديك فكرة عن المبلغ الذي تحتاجه للاستثمارما نوع مقاطع الفيديو التي تريد إنشاء مشروع تصفه في استراتيجية مقاطع الفيديو الخاصة بك وضعك الماليما تصنعه مقاطع فيديو أو بشكل عام أو الاستعانة بمصادر خارجية لشركة إنتاج خارجية إذا كنت ترغب في إنتاج مقاطع فيديو داخليةتسويق فيديو معدات فيديو واحدةكاميرا فيديو ترايبودميكروفون العدسة المثبتتحرير تطبيق للبرامج التي تريد توظيف ممثلين تذكر أن توظيف ممثلين محترفين قد أثيروا تكلفة إنتاج مقاطع الفيديو الخاصة بكمن هو الشخص المسؤول عن المفاهيم الإبداعيةمن المسؤول عن إجراء جهة الاتصال الذين ينظمون الخدمات اللوجستية في جلسة الفيديو التي تصنعهاترميز وتحرير الفيديو المسؤول عن توزيع أرقى مقاطع الفيديو يحدد المكان الذي ستخزن فيه مقطع الفيديو الخاص بك ، يجب عليك تحديد مكانفكر في القنوات التالية التي تتضمن صفحات مختلفة في حملة تسويق موقع الويب الخاص بكحملات التسويق عبر البريد الإلكتروني تنقل قنوات التواصل الاجتماعي على YouTube قياس نتائجكبهذه الطريقة يمكنك فقط العثور على استثمارك في مقاطع الفيديوبمجرد إنشاء الخدمات اللوجستية ، يمكنك تحديد محتوى الفيديو الخاص بك هو الوصول إلى أهدافك', 16, 8),
(17, 'एक मार्केटिंग वीडियो बनानाकदम से कदम व्यवसायों और जो कोई भी उस मामले के लिए ऑनलाइन पुस्तक बनाना चाहता हैऔर अब यह कार्रवाई नहीं कर रहा हैइस पाठ से शुरू करते हुए हम आपके साथ उन सभी चरणों के साथ चलने जा रहे हैं जो आपको लंबी अवधि की सफलता के लिए अपने व्यवसाय को बढ़ाने के लिए एक प्रभावी वीडियो मार्केटिंग योजना तैयार करने के लिए हैंइसके लिए हमें मूल बातें शुरू करनी है और इस पाठ में हम आपको यह सिखाने जा रहे हैं कि मार्केटिंग वीडियो कैसे सही तरीके से कदम रखेंएक मार्केटिंग वीडियो चेकलिस्ट बनाना जबकि यह सच है कि इन दिनों केवल एक सक्षम सेल फोन रिकॉर्डिंग वीडियो लेता हैजब आप संभावित ग्राहकों के दर्शकों का निर्माण करते हैंउपकरण सुरक्षित उपकरण सबसे अधिक हैकुछ लोगों के लिए वीडियो मार्केटिंग लेकिन यह अधिक वजन नहीं होना है, आपको रिकॉर्डिंग वॉयस ओवर के लिए एक कैमरा हासिल करने पर ध्यान केंद्रित करना होगाफ्रंट कैमरा हम आपके स्मार्टफोन का उपयोग करने की सलाह देते हैं, यह सुनिश्चित करें कि आपका स्मार्टफोन कैमरा 8 से 13 पिक्सेल के बीच है और यह एबी हैमार्केटिंग वीडियो में कौन था, आपको उन लोगों को इकट्ठा करना था जो आपके वीडियो में आपके ब्रांड का प्रतिनिधित्व करते थे यदि संभव हो तो सिंगल रखेंआप इसे स्वयं रिकॉर्ड कर सकते हैंअपने मार्केटिंग वीडियो की अच्छी सस्ती आवाज सेटिंगविभिन्न कोणों से शूटिंग भी आपको एक सतह को सुरक्षित करना होगासॉफ्टवेयर सॉफ्टवेयर आखिरकारआपको उस सॉफ़्टवेयर को तैयार करना होगा जिसे आप संपादित करने और अपना अंतिम वीडियो बनाने के लिए उपयोग किए गए थेमैं सिफारिशों में लाइटवर्क्स सेब I मूवी और प्रीमियर प्रो में एक मार्केटिंग वीडियो बनाना शामिल हैजब आपके वीडियो में आपको एक स्पष्ट विचार होना चाहिए कि आपके वीडियो को रिकॉर्ड करने से पहले आपके वीडियो के बारे में क्या होगास्पष्ट करें कि ब्रांड उत्पाद बिक्री कर रहा है या वृद्धि कर रहा हैउत्पादन से उत्पादन आवश्यकताओं और उत्पादन से समयरेखा को परिभाषित करनाआपके वीडियो और अभियान के सभी पहलुओं को आपको एक स्क्रिप्ट बनाना है यह प्रक्रिया एक ब्लॉग पोस्ट तैयार करने के समान हैमार्केटिंग वीडियो में प्रमुख बिंदुओं की एक रूपरेखा बनाएं और उनके तार्किक आदेश फिर ड्राइविंग शुरू करेंयह महत्वपूर्ण है कि आप वीडियो के पहले भाग को पहले पांच से छह सेकंड के वीडियो के लिए गर्म करने के लिए छोड़ देंसामान्य तौर पर दर्शक का ध्यान आकर्षित करने की ताकत की पहली दो पंक्तियाँ अन्यथा आपके दर्शक अंतिम रूप से रुचि खो देंगेतैयार करें और रिवर्स हर कोई प्राप्त करेंयहां तक कि अगर यह केवल आप ही हैं, तो यह महत्वपूर्ण है कि आपका वीडियोएक बार जब आप रिकॉर्डिंग शुरू करने के लिए तैयार हो जाते हैं, तो यदि आपने पिछले चरणों में अपने वीडियो को रिकॉर्ड करने के लिए सब कुछ सही किया है तो यह करेंआपके सभी फुटेज अपने वीडियो को जोड़ने के लिए कुछ शांत कॉपीराइट मुफ्त संगीत पाते हैं और अपने वीडियो को संपादित करते हैं कि कैसे एक भयानक विपणन वीडियो बनाने के लिएसही प्रारूप लें आप बस एक वीडियो शूट कर सकते हैं औरक्या आपको सही एक प्रारूप चुनना है जो सबसे अधिक ध्यान आकर्षित करते हैं, इसमें डेमो वीडियो ब्रांड वीडियो शामिल हैंइंटरव्यू कैसे वीडियो समझाने वाले वीडियो करें जहां आप दर्शकों को नहीं दिखाते हैं कि अपने उत्पाद या सेवा का उपयोग कैसे करें लेकिन इसका कारणग्राफिक्स एनिमेशन और केस स्टडी के लिए एनिमेटेड वीडियो आपके व्यक्तित्व को दिखाते हैंइसलिए अलग होने और एक व्यक्तित्व को दिखाने से आपको वीडियो मार्केटिंग में मदद मिलेगीएक अलग आवाज का उपयोग करनामनोरंजक और शैक्षिक मूल्य ऑनलाइन ब्रांडों को ज्यादातर बिल्डर ऑडियंस प्रदान करें और वे मूल्य के माध्यम से पहुंचें जो वे दो क्षमता प्रदान कर सकते हैंइसका मतलब है कि आपको मार्केटिंग वीडियो बनाना होगा और उदाहरण के लिए दर्शकों का मनोरंजन करना और शिक्षित करना होगा यदि आप ऑनलाइन मार्केटिंग ट्रेनिंग बेच रहे हैंमहान विपणन वीडियो मैं अपने लक्ष्यों को एक मनोरंजक तरीके से कैसे बदलूंवीडियो टाइटल और हैप्पी का शानदार प्रभाव अपने वीडियो को अलग -अलग चैनलों पर बढ़ावा देना पहले शीर्षक की शुरुआत में रेन वीडियो कीवर्ड को जोड़ना महत्वपूर्ण हैवीडियो कीवर्ड कीवर्ड और खोज नियम हैं और YouTube और अन्य वीडियो शेयरिंग प्लेटफॉर्म पर बहुत सारे ट्रैफ़िक और जुड़ाव उत्पन्न करते हैंप्रत्येक मार्केटिंग वीडियो प्रारूप के लिए विशिष्ट जो आप एक शामिल हैं कि कैसे साक्षात्कार की समीक्षा करेंअन्य गुप्त वीडियो शीर्षक ब्राइटनेस कीवर्ड को जोड़ना है इसका मतलब है कि आपको कीवर्ड जोड़ना होगा और खोज करनी होगीउत्पादों या सेवाओं और खरीद को खोजने के लिए उपयोग करना और यह है कि आप कैसे प्रभावी और परिणाम बना सकते हैंआगामी पाठ दिखाएगा कि आपको इन वीडियो को ऑप्टिमाइज़ और बढ़ावा देना होगा', 17, 9),
(18, 'Creando un video de marketingempresas paso a paso y cualquier persona que quiera hacer un libro en línea para el casoY ahora no está tomando medidasComenzando con esta lección, vamos a caminar con usted todos los pasos que debe seguir para preparar un plan de marketing de video efectivo para hacer crecer su negocio para el éxito a largo plazoPara eso tenemos que comenzar con los conceptos básicos y en esta lección le enseñamos cómo crear un video de marketing de la manera correctaCreación de una lista de verificación de video de marketing mientras que es cierto que solo toma un video de grabación de teléfonos celulares capaces en estos díasCuando construyes una audiencia de clientes potenciales, así queequipos asegurar el equipo es el másVideo marketing para algunas personas, pero esto no tiene que tener sobrepeso aquí, debe concentrarse en asegurar una cámara y un micrófono para grabar voz.Cámara frontal Recomendamos usar su teléfono inteligente Asegúrese de que la cámara de su teléfono inteligente tenga entre 8 y 13 píxeles y que sea AB¿Quién era protagonista en los videos de la mañana? Debe reunir a las personas que representan su marca en sus videos si es posible, mantenga un soloPuedes grabarlo tú mismobuena configuración de voz asequible de sus videos de marketingdisparando desde diferentes ángulos también tienes que asegurar una superficieSoftware Software FinalmenteDebe preparar el software que se utilizó para editar y crear su video final, hay una variedad de Apple de actualización de software.Cuando su video debe tener una idea clara de qué se tratará su video antes de configurar la grabación, esto incluye la comprensiónExplicar que el producto de la marca está haciendo ventas o aumentoTodos los aspectos de su video y campaña Debe crear un script Este proceso es similar a la preparación de una publicación de blog La diferencia clave entre el scriptCree un esquema de puntos clave en el video de marketing y su orden lógico, luego comience a redactarlos como un guión en unEs importante que deje caer la primera parte del video para componer un calor durante los primeros cinco a seis segundos de videos.En general, las dos primeras líneas de la fuerza de la atención del espectador, de lo contrario, sus espectadores perderán interés por último.Preparar y revertir a todosIncluso si es solo usted, es importante que su videoUna vez que esté listo para comenzar a grabar, hágalo si hizo todo bien en los pasos anteriores grabando su video, entoncesTodas sus imágenes encuentran una música gratuita de derechos de autor para agregar sus videos y editar su video sobre cómo hacer un increíble video de marketingTome el formato correcto, simplemente puede grabar un video y¿Tuviste que elegir el correcto? Los formatos que reciben más atención incluyen videos de demostración videos de marcaEntrevistas cómo videos explicativos de video donde no muestra a los espectadores cómo usar su producto o servicio, pero la razónLos videos animados para las animaciones gráficas y los estudios de casos muestran su personalidadPor lo tanto, ser diferente y exhibir una personalidad lo ayudará a comercializar videosUsando una voz diferenteProporcione a las marcas en línea de valor entretenimiento y educativo en su mayoría audiencias de constructor y alcance el valor que pueden ofrecer dos potencialesEsto significa que debe crear videos de marketing y entretener y educar a los espectadores, por ejemplo, si está vendiendo capacitación de marketing en líneaExcelentes videos de marketing Cómo lograr objetivos más pequeños de una manera entretenida que compone un diálogo de video asesino que debes aprenderGran efecto de los títulos de video y feliz promoción de su video en diferentes canales Primero es importante agregar la palabra clave de video de lluvia al comienzo del títuloLas palabras clave de video son palabras clave y términos de búsqueda y generan mucho tráfico y compromiso en YouTube y otra plataforma de intercambio de videosEspecífico para cada formato de video de marketing que produce una revisión de la entrevista de cómo entrevistarEl otro título de video secreto es agregar las palabras clave de brillo, esto significa que debe agregar las palabras clave y buscarUso para encontrar los productos o servicios y la compra y así es como puede crear efectivo y resultadoLas próximas lecciones mostrarán que debe cargar optimizar y promocionar estos videos', 18, 9);
INSERT INTO `transcript` (`id`, `script`, `c_id`, `video_id`) VALUES
(19, 'Création d\'une vidéo marketingLes entreprises étape par étape et tous ceux qui souhaitent faire un livre en ligne d\'ailleursEt maintenant ça n\'agit pasEn commençant par cette leçon, nous allons marcher avec vous toutes les étapes que vous devez prendre pour préparer un plan de marketing vidéo efficace pour développer votre entreprise pour un succès à long termePour cela, nous devons commencer par les bases et dans cette leçon, nous allons vous apprendre à créer une vidéo marketing de la bonne manière passéeCréer une liste de contrôle vidéo marketing alors qu\'elle est vraie qui ne prend qu\'une vidéo d\'enregistrement de téléphone portable capable ces jours-ciLorsque vous construisez un public de clients potentiels doncL\'équipement de sécurisation de l\'équipement est le plusMarketing vidéo pour certaines personnes, mais cela ne doit pas être en surpoids ici, vous devez vous concentrer sur la sécurisation d\'une caméra et d\'un micro pour enregistrer la voix offCaméra frontale Nous vous recommandons d\'utiliser votre smartphone, assurez-vous que votre appareil photo pour smartphone est comprise entre 8 et 13 pixels et qu\'il est abQui était des vidéos du matin dans les vidéos du matin, vous devez rassembler les personnes qui représentaient votre marque dans vos vidéos si possible gardez un singleVous pouvez l\'enregistrer vous-mêmebon réglage vocal abordable de vos vidéos marketingtir sous différents angles, vous devez également sécuriser une surfaceLogiciel Logiciel EnfinVous devez préparer le logiciel que vous avez utilisé pour modifier et créer votre vidéo finale Il existe une variété Apple de mise à jour logicielleJe suis des recommandations incluent Lightworks Apples I Movie et le Premiere Pro créant une vidéo marketingLorsque votre vidéo, vous devez avoir une idée claire de votre vidéo avant de configurer l\'enregistrement, cela inclut la compréhensionexpliquer que le produit de la marque fait des ventes ou augmenteDéfinition du budget Les exigences de production et le calendrier de la productionTous les aspects de votre vidéo et de votre campagne, vous devez créer un script Ce processus est similaire à la préparation d\'un article de blog La principale différence entre le scriptCréez un aperçu des points clés de la vidéo marketing et de leur commande logique, puis commencez à conduireIl est important que vous laissiez tomber la première partie de la vidéo pour composer un chaud pendant les cinq à six premières secondes de vidéosEn général, les deux premières lignes de la force de la capture de l\'attention du spectateur sinon vos téléspectateurs perdront l\'intérêt enfinPréparez et inversez pour tout le mondeMême si ce n\'est que vous, il est important que votre vidéoUne fois que vous êtes prêt à commencer l\'enregistrement, faites-le si vous avez tout fait dans les étapes précédentes enregistrant votre vidéoToutes vos images trouvent de la musique gratuite cool en copyright pour ajouter vos vidéos et modifier votre vidéo Comment faire une vidéo marketing génialePrenez le bon format, vous pouvez simplement tirer une vidéo etAvez-vous dû choisir le bon que les formats qui attirent le plus l\'attention incluent des vidéos de vidéos de démonstrationInterviews Comment vidéo Vidéos Explicateur où vous ne montrez pas aux téléspectateurs comment utiliser votre produit ou service, mais la raisonDes vidéos animées pour les animations graphiques et les études de cas présentent votre personnalitéDonc, être différent et présenter une personnalité vous aidera à marketing des vidéosen utilisant une voix différenteFournir des marques en ligne de valeur divertissante et éducative principalement du public et d\'atteindre la valeur qu\'ils peuvent offrir deux potentielsCela signifie que vous devez créer des vidéos de marketing et divertir et éduquer les téléspectateurs par exemple si vous vendez une formation en marketing en ligneExcellentes vidéos marketing Comment changer mes objectifs d\'une manière divertissante en composant un dialogue vidéo tueur que vous devez apprendreGrand effet des titres vidéo et Happy Promouvoir votre vidéo sur différentes chaînes. Il est d\'abord important d\'ajouter le mot-clé vidéo Rain au début du titreLes mots clés vidéo sont des mots clés et des termes de recherche et génèrent beaucoup de trafic et d\'engagement sur YouTube et d\'autres plateformes de partage de vidéosSpécifique à chaque format vidéo marketing que vous produisez une revue d\'interview inclue comment interviewerL\'autre titre vidéo secret est d\'ajouter les mots clés de luminosité Cela signifie que vous devez ajouter les mots clés et rechercherUtiliser pour trouver les produits ou services et l\'achat et c\'est ainsi que vous pouvez créer efficace et résultatLes leçons à venir vous montreront comment télécharger Optimiser et promouvoir ces vidéos', 19, 9),
(20, 'إنشاء فيديو تسويقيخطوة بخطوة الشركات وأي شخص يريد أن يصنع كتابًا عبر الإنترنت لهذه المسألةوالآن لا يتخذ إجراءاتبدءًا من هذا الدرس ، سوف نسير معك في كل الخطوات التي يجب عليك اتخاذها لإعداد خطة تسويق فيديو فعالة لتنمية عملك من أجل النجاح على المدى الطويللذلك يجب أن نبدأ بالأساسيات وفي هذا الدرس ، سنعلمك كيفية إنشاء فيديو تسويقي بالطريقة الصحيحة خطوةإنشاء قائمة مراجعة فيديو تسويقية بينما صحيح لا يأخذ سوى مقطع فيديو لتسجيل الهواتف المحمولة القادرة هذه الأيامعندما تقوم ببناء جمهور من العملاء المحتملينالمعدات تأمين المعدات هي أكثرتسويق الفيديو لبعض الأشخاص ولكن هذا لا يجب أن يكون زيادة الوزن هنا عليك التركيز على تأمين كاميرا لتسجيل الصوتالكاميرا الأمامية نوصي باستخدام هاتفك الذكي تأكد من أن كاميرا الهاتف الذكي تتراوح بين 8 إلى 13 بكسل وأنها ABمن كان نجمًا في مقاطع الفيديو التسويقية ، يجب عليك جمع الأشخاص الذين تمثل علامتك التجارية في مقاطع الفيديو الخاصة بك إذا أمكن احتفظًا بهيمكنك تسجيله بنفسكإعداد صوت جيد بأسعار معقولة لمقاطع الفيديو التسويقية الخاصة بكاطلاق النار من زوايا مختلفة أيضا عليك تأمين سطحبرنامج البرامج أخيرًايجب عليك إعداد البرنامج الذي كنت تستخدمه لتحرير وإنشاء مقطع الفيديو النهائي الخاص بك هناك مجموعة متنوعة من تحديثات البرامجأنا توصيات تتضمن Lightworks Apple iPhone Videoعندما يكون لديك مقطع الفيديو الخاص بك ، يجب أن يكون لديك فكرة واضحة عن ما سيكون عليه مقطع الفيديو الخاص بك قبل إعداد تسجيله ، ويشمل هذا الفهماشرح أن منتج العلامة التجارية يقوم بالمبيعات أو الزيادةتحديد الميزانية متطلبات الإنتاج والجدول الزمني من الإنتاججميع جوانب الفيديو والحملة الخاصة بك ، يجب عليك إنشاء برنامج نصي ، وتشبه هذه العملية إعداد مدونة نشر الفرق الرئيسي بين البرنامج النصيقم بإنشاء مخطط تفصيلي للنقاط الرئيسية في الفيديو التسويقي وترتيبها المنطقي ثم ابدأ في القيادةمن المهم أن تسقط الجزء الأول من الفيديو لتكوين الساخنة لأول خمس إلى ست ثوان من مقاطع الفيديوبشكل عام ، سطرين الأولين من قوة الاهتمام بالمشاهد وإلا فإن مشاهديك سيفقدون اهتمامك أخيرًاالاستعداد والعكس الحصول على الجميعحتى لو كان من المهم أن يكون مقطع الفيديو الخاص بكبمجرد أن تكون مستعدًا للبدء في التسجيل ، قم بذلك إذا فعلت كل شيء بشكل صحيح في الخطوات السابقة لتسجيل الفيديو الخاص بكجميع لقطاتك تجد بعض الموسيقى المجانية لحقوق الطبع والنشر رائعة لإضافة مقاطع الفيديو الخاصة بك وتحرير الفيديو الخاص بك كيفية صنع فيديو تسويقي رائعخذ التنسيق الصحيح يمكنك فقط تصوير مقطع فيديو وهل كان عليك اختيار التنسيقات المناسبة التي يحصل على أكبر قدر من الاهتمام ، وتشمل مقاطع الفيديو العلامة التجارية العلامة التجارية التجريبيةيجري المقابلات حول كيفية فيديو شرح مقاطع الفيديو حيث لا تُظهر للمشاهدين كيفية استخدام منتجك أو خدمتك ولكن السببتعرض مقاطع الفيديو المتحركة في الرسوم المتحركة للرسومات ودراسات الحالة شخصيتكلذا أن تكون مختلفًا وعرض شخصية سيساعدك على تسويق مقاطع الفيديوباستخدام صوت مختلفتوفير قيمة مسلية وتعليمية عبر الإنترنت العلامات التجارية في الغالب جماهير البناء والوصول من خلال القيمة التي يمكن أن تقدم اثنين من الإمكاناتهذا يعني أنه يتعين عليك إنشاء مقاطع فيديو تسويقية والترفيه وتثقيف المشاهدين على سبيل المثال إذا كنت تبيع التدريب على التسويق عبر الإنترنتمقاطع فيديو تسويقية رائعة كيفية تحقيق أهداف أصغر بطريقة مسلية لتشكيل حوار فيديو قاتل يجب أن تتعلمهتأثير كبير لعناوين الفيديو و Happy الترويج للفيديو الخاص بك على قنوات مختلفة أولاً ، من المهم إضافة الكلمة الرئيسية للفيديو المطر في بداية العنوانخاصة لكل تنسيق فيديو تسويقي تنتجه تشمل كيفية مقابلة المراجعةعنوان الفيديو السري الآخر هو إضافة الكلمات الرئيسية السطوع ، وهذا يعني أنه يجب عليك إضافة الكلمات الرئيسية والبحثاستخدام للعثور على المنتجات أو الخدمات والشراء ، وهذه هي الطريقة التي يمكنك بها إنشاء فعالة ونتائجستظهر الدروس القادمة أنه يتعين عليك تحميل تحسين مقاطع الفيديو هذه والترويج لها', 20, 9),
(21, 'अपने वीडियो को दाईं ओर अपलोड करनायदि आप एक एकल चैनल पर लागू होते हैं तो आप भी बहुत सीमित हैंयही कारण है कि इस पाठ मेंअपने वीडियो को YouTube पर अपलोड करनाचलो स्पष्ट विकल्प के साथ शुरू करते हैं YouTube सबसे बड़ा वीडियो साझा करने के लिए इंटरनेट पर यह ग्रह पर दूसरी सबसे अधिक देखी जाने वाली वेबसाइट हैक्योंकि अपलोड किए गए वीडियो एक मार्केटिंग वीडियो YouTube अपलोड करने के लिए Google 2 द्वारा अनुक्रमित हैंसबसे अच्छी वेबसाइट कौन हैअब फायर बटन वीडियो पर क्लिक करेंपहले वीडियो शीर्षक दर्ज करें और फिर वीडियो विवरण अब चुनें कि क्या वीडियोबच्चों की आवश्यकता है या यह बच्चों के लिए नहीं बनाया गया है अब अधिक विकल्पों और धीरज कीवर्ड पर क्लिक करें पाठ फ़ील्ड अतिरिक्त सेटिंग्स में आप कर सकते हैंभाषा कभी -कभी रिकॉर्डिंग दिनांक और स्थान लाइसेंस वितरण श्रेणी और टिप्पणियां और रेटिंग जिस पर आप क्लिक कर सकते हैंअगली स्क्रीन में नई सेटिंग्स को कॉन्फ़िगर करने के बाद आप स्क्रीन जैसे वीडियो तत्व जोड़ सकते हैंयदि आप अपना वीडियो प्रकाशित करना चाहते हैं तो पहले समस्या पर क्लिक करेंशेड्यूल टैब पर और कैलेंडर फ़ंक्शन का उपयोग करके तारीख का चयन करें अपलोड करना और अपने वीडियो को कॉन्फ़िगर करना समाप्त करने के लिए प्रकाशन पर क्लिक करेंअपने वीडियो को वीडियो पर अपलोड करना दूसरा सबसे लोकप्रिय समर्पित वीडियो स्ट्रीमिंग साइट 170 से अधिक थीऔर रचनात्मक प्रकारउपयोगकर्ता और मुफ्त अनुभव जोड़ें जो वीडियो साइट और लॉगिन अपलोड करना सबसे अच्छा हैअगला पृष्ठ पर अपलोड बटन पर क्लिक करें निम्न पृष्ठ पर क्लिक करें विकल्प बटन पर स्थित वीडियो और डबल क्लिक पर क्लिक करेंशीर्षक क्षेत्र में अब DESC में वीडियो विवरण में खेद हैपाठ क्षेत्र में अगला प्रवेश शब्द अब सामग्री लेखन के तहत सभी दर्शकों का चयन करेंफ़ेसबुक फ़ेसबुकग्रह पर सबसे सक्रिय वेबसाइट फेसबुक एल्गोरिथ्म प्लेटफ़ॉर्म पर वीडियो को बढ़ावा देते हैंअपने फेसबुक अकाउंट पर जाएं और ग्रेट पोस्ट सेक्शन में स्थित फोटो वीडियो बटन पर क्लिक करेंअगला लोकेटर मार्केटिंग वीडियो अपना फ़ील्ड अपलोड करें और फिर क्लिक करेंट्विटर ट्विटर पर अपना वीडियो अपलोड करें सबसे आकर्षक सोशल मीडिया साइटों में से एक है जो मौजूद हैयदि आपका लक्ष्य अपने ब्रांड के संपर्क को बढ़ावा देना है और वायरल जाना है तो आप पानी के साथ गलत हो सकते हैं बस अपने खाते में जाएंआइकन अगला वीडियो अपलोड के साथ रचना पर क्लिक करेंधन्यवाद वीडियो शीर्षक और पाठ क्षेत्र में विवरण सुनिश्चित करें कि आपका शीर्षक और विवरण 280 वर्ण अंत में क्लिक करेंInstagram Instagram वेबसाइट च्वाइस मेंदुनिया भर से मेरा क्रश क्योंकि Instagram पर एक वीडियो अपलोड करने के लिए छवियों और वीडियो के लिए इंस्टाग्राम ऐप पर जाते हैंअगला स्थानInstagramअपना वीडियो अपलोड करें टिक्तोक टिक्तोक पर अपलोड करें सबसे नया वीडियो डिस्कवरी ऐप है जो अब सभी रेंज सोशल मीडिया उपयोगकर्ताओं में हैआवाज में अगले चरण में अपने खाते में ऐप खोलेंजापान में अपने मार्केटिंग वीडियो का पता लगाएँ अब निम्न स्क्रीन वीडियो पर अगले बटन पर क्लिक करेंपता है कि अपने मार्केटिंग वीडियो को हर शीर्ष प्लेटफ़ॉर्म पर अपलोड करने का तरीका', 21, 10),
(22, 'Subiendo su video a la derechaeres videos de marketingSi se aplica a un solo canal, también es muy limitadoPor eso en esta lecciónVideo a los canales que realmente importan y discutirán los beneficios del video marketing en Instagram cargando su video a YouTubeComencemos con la elección obvia de la plataforma de intercambio de videos más grande de YouTube en Internet, es el segundo sitio web más visitado en el planetaPorque los videos cargados están indexados por Google 2 para subir un video de marketing YouTubeQuién es el mejor sitio webAhora haga clic en Video del botón FirePrimero ingrese el título del video y luego la descripción del video ahora seleccione si los videosNecesidad de niños o no está hecho para niños ahora haga clic en más opciones y palabras clave de resistencia en el campo de texto Configuración adicional que puedeLenguaje A veces la fecha de grabación y la categoría de distribución de la licencia de ubicación y comentarios y calificaciones en los que puede hacer clic enDespués de configurar nuevas configuraciones en la siguiente pantalla, puede agregar un elemento de video, como en la pantallaPrimero haga clic en el problema si desea publicar su videoen la pestaña Programar y seleccione la fecha utilizando la función calendario cargando y configurando su video Haga clic en Publicar para finalizarSubir su video a video es el segundo sitio de transmisión de video dedicado más popular fue de más de 170y tipos creativosusuarios y agregar experiencia gratuita, que es la mejor carga de un sitio de video e inicia sesiónA continuación, haga clic en el botón de carga en la siguiente página Haga clic en el video localizador del botón de elección y haga doble clicLo siento en el campo del título ahora en la descripción del video en el DESCSiguientes palabras de entrada en el campo de texto Ahora seleccione todas las audiencias en redacción de contenidoSubir su video Facebook es lentamente rey del sitio de redes socialesLos sitios web más activos del planeta El algoritmo de Facebook Boost Video a la plataformaVaya a su cuenta de Facebook y haga clic en el botón Video fotográfico ubicado en la excelente sección de publicaciónSiguiente Locator Marketing Video Sube tu campo y luego haga clic enSubir su video en Twitter Twitter es uno de los sitios de redes sociales más atractivos que existeSi su objetivo es aumentar la exposición a su marca y volverse viral, puede equivocarse con el climaHaga clic en la carga de video compuesta con icono siguienteGracias Título y descripción del video en el campo de texto Asegúrese de que su título y descripción 280 caracteres finalmente haga clic enSitio web de Instagram de Instagram en The ChoiceMi enamoramiento de todo el mundo porque Instagram para las imágenes y videos para subir un video en Instagram va a la aplicación mientrasSiguiente ubicaciónInstagramSubir su video a Tiktok Tiktok es la aplicación de descubrimiento de video más reciente ahora es todo el rango de usuarios de redes socialesAbra la aplicación en su cuenta siguiente paso en la vozLocalice su video de marketing en Japón para seleccionar ahora haga clic en el botón Siguiente en el siguiente video de pantallaDescriba su video, siente que asegúrese de que cada palabra clave y toque la publicación para cargar y administrarSepa cómo cargar sus videos de marketing en cada plataforma superior', 22, 10),
(23, 'Télécharger votre vidéo vers la droitevous êtes des vidéos marketingSi vous êtes appliqué à un seul canal, vous êtes également très limitéc\'est pourquoi dans cette leçonvidéo sur les chaînes qui comptent vraiment et discuteront des avantages du marketing vidéo sur Instagram Téléchargement de votre vidéo sur YouTubeCommençons par la plus grande plate-forme de partage de vidéo YouTube Choice évident sur Internet, c\'est le deuxième site Web le plus visité sur la planèteParce que les vidéos téléchargées sont indexées par Google pour télécharger une vidéo marketing sur YouTubequi est le meilleur site WebMaintenant, cliquez sur Fire Button VidéoEntrez d\'abord le titre vidéo, puis la description de la vidéo Sélectionnez maintenant si les vidéosBesoin pour les enfants ou ce n\'est pas fait pour les enfants maintenant cliquez sur plus d\'options et de mots clés d\'endurance dans le champ de texte Paramètres supplémentaires que vous pouvezLangue Enregistrant parfois la catégorie de distribution de licence et de licence et les commentaires et les notes sur lesquelles vous pouvez cliquer surAprès avoir configuré de nouveaux paramètres dans l\'écran suivant, vous pouvez ajouter un élément vidéo tel que dans l\'écranCliquez d\'abord sur le problème si vous souhaitez publier votre vidéoSur l\'onglet Planification et sélectionnez la date à l\'aide du téléchargement de la fonction du calendrier et de la configuration de votre vidéo Cliquez sur Publier pour terminerLe téléchargement de votre vidéo sur la vidéo est le deuxième site de streaming vidéo dédié le plus populaire était supérieur à 170et types créatifsutilisateurs et ajouter une expérience gratuite qui est le meilleur téléchargement de votre site vidéo et connecterEnsuite, cliquez sur le bouton Télécharger la page suivante Cliquez sur la vidéo du localisateur du bouton de choix et double-cliquezDésolé dans le champ de titre maintenant dans la description de la vidéo dans le DESCMots-clés des entrepreneurs suivants dans le champ de texte, sélectionnez maintenant tous les publics sous la lecture de contenu enfinTéléchargement de votre vidéo Facebook est lentement le roi du site de médias sociauxLes sites Web les plus actifs de la planète L\'algorithme Facebook augmente la vidéo sur la plate-formePour le faire, allez sur votre compte Facebook et cliquez sur la photo située dans la section Great PostVidéo de marketing de localisateur suivant Téléchargez votre champ, puis cliquezTéléchargez votre vidéo sur Twitter Twitter est l\'un des sites de médias sociaux les plus engageants qui existentSi votre objectif est de stimuler l\'exposition à votre marque et de devenir viral, vous pouvez vous tromper avec l\'eau, allez simplement sur votre compteCliquez sur l\'icône Composée à télécharger la vidéo suivanteMerci titre vidéo et description dans le champ de texte Assurez-vous que votre titre et votre description 280 caractères cliquez enfin surInstagram Instagrammon béguin du mondeEmplacement suivantInstagramTéléchargez votre vidéo sur tiktok tiktok est la dernière application de découverte vidéo en nous maintenant tous les utilisateurs de médias sociaux de la gammeOuvrez l\'application dans votre compte à l\'étape suivante dans la voixLocalisez votre vidéo marketing au Japon pour sélectionner maintenant Cliquez sur le bouton Suivant de l\'écran suivant vidéoDécrivez votre sentiment vidéo Assurez-vous que chaque mot-clé et appuyez sur le post à télécharger dans le mariagesavoir comment télécharger vos vidéos marketing sur chaque plate-forme supérieure', 23, 10),
(24, 'أنت تسويق مقاطع الفيديوإذا تم تطبيقك على قناة واحدة ، فأنت محدود جدًا أيضًالهذا السبب في هذا الدرستحميل الفيديو الخاص بك على YouTubeلنبدأ بالاختيار الواضح في YouTube أكبر منصة مشاركة الفيديو على الإنترنت ، وهو ثاني موقع الويب الأكثر زيارة على هذا الكوكبنظرًا لأن مقاطع الفيديو التي تم تحميلها هناك فهرسة بواسطة Google لتحميل فيديو تسويقي إلى YouTubeمن هو أفضل موقع ويبالآن انقر على زر النار في الفيديوأولاً ، أدخل عنوان الفيديو ثم وصف الفيديو الآن حدد ما إذا كانت مقاطع الفيديوNeed for Kids أو لم يتم صنعه للأطفال الآن انقر على المزيد من الخيارات والكلمات الرئيسية للتحمل في حقل النص إعدادات إضافية يمكنكاللغة في بعض الأحيان تسجيل فئة توزيع ترخيص التاريخ والموقع والتعليقات والتقييمات التي يمكنك النقر عليهابعد تكوين إعدادات جديدة في الشاشة التالية ، يمكنك إضافة عنصر فيديو كما هو الحال في الشاشةانقر أولاً على المشكلة إذا كنت تريد نشر الفيديو الخاص بكفي علامة التبويب الجدول وحدد التاريخ باستخدام دالة التقويم وتكوين الفيديو الخاص بك انقر فوق النشر للإنهاءكان تحميل الفيديو الخاص بك إلى الفيديو هو ثاني أكثر موقع بث الفيديو المخصص شعبية كان أكثر من 170أيضاالمستخدمون ويضيفون تجربة مجانية وهي أفضل تحميل موقع فيديو وتسجيل الدخولبعد ذلك ، انقر فوق زر التحميل في الصفحة التالية ، انقر فوق زر الاختيار الموجودآسف في حقل العنوان الآن في وصف الفيديو في DESCكلمات الإدخال التالية في حقل النص الآن حدد جميع الجماهير تحت كتابة المحتوىتحميل مقطع الفيديو الخاص بك على Facebook هو موقع ملوك وسائل التواصل الاجتماعي ببطءمواقع الويب الأكثر نشاطًا على هذا الكوكب تعزز خوارزمية Facebook فيديو إلى النظام الأساسيانتقل إلى حسابك على Facebook وانقر على زر الفيديو الموجود في قسم النشر الرائعالتالي محدد موقع التسويق الفيديو قم بتحميل حقلك ثم انقر فوقيعد تحميل الفيديو الخاص بك إلى Twitter Twitter أحد أكثر مواقع التواصل الاجتماعي جاذبية الموجودةإذا كان هدفك هو زيادة التعرض لعلامتك التجارية والتقدم في الفيروس ، يمكنك أن تخطئ في الطقسانقر فوق تحميل الفيديو التالي مع رمزشكرًا لك عنوان الفيديو والوصف في حقل النص ، تأكد من أن عنوانك ووصفك 280 حرفًا انقر أخيرًا علىموقع Instagram Instagram في الاختيارسحق بلدي من جميع أنحاء العالم لأن Instagram للصور ومقاطع الفيديو لتحميل مقطع فيديو على Instagram انتقل إلى التطبيقالموقع التاليInstagramتحميل الفيديو الخاص بك إلى Tiktok Tiktok هو أحدث تطبيق اكتشاف الفيديو في جميع مستخدمي وسائل التواصل الاجتماعي Rangeافتح التطبيق في حسابك الخطوة التالية في الصوتحدد موقع فيديو التسويق الخاص بك في اليابان لتحديده الآن انقر فوق الزر التالي على شريط الفيديو التاليصف مقطع الفيديو الخاص بك ، تأكد من كل كلمة رئيسية وانقر على المنشور لتحميلها والإدارةتعرف على كيفية تحميل مقاطع الفيديو التسويقية الخاصة بك إلى كل منصة أعلى', 24, 10),
(25, 'अपने वीडियो का विज्ञापनपहला कदमफ्रीवे और द्वारा भुगतान किया गयाबहुत सारे ट्रैफ़िक उत्पन्न करने का एक प्रभावी तरीका हैइस पाठ रणनीतियों में तेजी से जो आपके वीडियो का विज्ञापन करते हैंआरंभ करने के लिए तैयारहम दो बार इसकी चौड़ाई और quora चलो की सलाह देते हैंएक ध्वनि को बेहतर बनाएं मैच एक कीवर्ड मानक है जो आप अभी करते हैंसुनिश्चित करेंपरिणाम और अपने कीवर्ड के लिए एक बार विषय पर क्लिक करेंQuora से ट्रैफ़िक और सगाई एक उपयोगी और प्रासंगिक उत्तर प्रदान करना है जो आपकी नौकरी में सवाल हैसोशल मीडिया पर सोशल मीडिया पर अपने वीडियो को बढ़ावा देना सोशल मीडिया चैनल के लिए अपने वीडियो का अनुकूलन करनायह काफी आसान है और आपको बस इतना करना है कि आपके सामाजिक चैनलों पर वीडियो अपलोड करें जो आप सोशल मीडिया के लिए वीडियो में विवरण चाहते हैंऔर आप आवेदन कर सकते हैंऔर एयरपोर्ट्स बटन पर क्लिक करें अब मार्केटिंग वीडियो का संगीतकार विवरण और कुछ शब्दों में पेशकश करेंईमेल पर अपना मार्केटिंग वीडियो भेजें सब्सक्राइबर्स ईमेल मार्केटिंग के लिए एक शानदार चैनल हैऐसा करने का सबसे आसान तरीका मेरा ईमेल अभियान बनाना हैइस उदाहरण के लिए पसंद का ईमेल मार्केटिंग टूल हम उपयोग कर रहे हैं जो आप उपयोग कर रहे हैंअब अभियान नाम फ़ील्ड में अपने वीडियो मार्केटिंग अभियान का नाम दर्ज करें और फिरमेनू और क्लिक करेंअब जारी रखने के लिए सहेजें और क्लोज़ पर क्लिक करें, निम्न पृष्ठ पर डिज़ाइन ईमेल बटन पर क्लिक करेंलोगो को बदलकर यहाँ इस तरह से अपना वीडियो चुनेंआपका अपना लोगो तब नीचे की गई सामग्री में एक और शीर्षक और पाठवीडियो URL में YouTube पर क्या त्रुटि है जैसा कि आप देख सकते हैंराजस्व नीचे दिए गए पाठ क्षेत्र में वीडियो के लिए ईमेल कैप्शन के शरीर में सही होगाYouTube पर चैनल टिप्पणियों और आपके आला में अन्य चैनल छोड़ते हुए एक शानदार अवसर हैसबसे अच्छा वीडियो वीडियो में से कितनानहीं कि आप काम नहीं कर रहे हैं', 25, 12),
(26, 'anunciando sus videos parasolo aprende a crear un local de marketing de ebullición, paso unola autopista y el pagado pores una forma efectiva de generar mucho tráficoMás rápido en esta lección estrategias que anuncian sus videosListo para comenzarRecomendamos dos veces su amplitud y quora vamos a girarHacer un sonido mejor, la coincidencia es un estándar de palabra clave lo que haces ahoraCerciorarseresultados y haga clic en el tema para su palabra clave una vez enEl tráfico y el compromiso de Quora deben proporcionar una respuesta útil y relevante de la pregunta en su trabajoPromocione sus videos en las redes sociales optimizando sus videos para el canal de redes socialesEsto es bastante fácil y todo lo que tiene que hacer es subir el video a sus canales sociales que desea conocer la descripción en el video de las redes sociales.Y puedes aplicary haga clic en el botón de aeropuertos ahora Descripción del video de marketing y ofrece en pocas palabras que recordamosEnviar su video de marketing a los suscriptores de correo electrónico El correo electrónico es un gran canal para el marketingLa forma más fácil de hacer esto es mi creación de una campaña de correo electrónicoHerramienta de marketing por correo electrónico de elección para este ejemplo que vamos a usar que está utilizandoAhora ingrese el nombre de su campaña de marketing de video en el campo Nombre de la campaña y luegomenú y hacer clicHaga clic en Guardar y cerrar para continuar ahora haga clic en el botón de correo electrónico de diseño en la siguiente páginaSeleccione una capaSu propio logotipo, entonces otro titular y texto en el contenido bloqueado a continuación¿Cuál es el error en YouTube en la URL de video como puede ver?Los ingresos disminuirán a la derecha en el cuerpo del subtítulo de correo electrónico para el video en el campo de texto a continuación, haga clic en Guardar y cerrarDejar comentarios y otros canales en su nicho es una gran oportunidadcuanto uno de los mejores videos videosno que no estés trabajando', 26, 12),
(27, 'annoncer vos vidéos àla première étapel\'autoroute et le payé parest un moyen efficace de générer beaucoup de traficplus rapidement dans cette stratégie de leçon qui annonce vos vidéosPrêt à commencerNous recommandons deux fois sa largeur et Quora, tournons-nousaméliorer le son, le match est un mot-clé standard ce que vous faites maintenants\'assurerrésultats et cliquez sur le sujet de votre mot-clé une foisLe trafic et l\'engagement de Quora sont de fournir une réponse utile et pertinente à la question de votre travailPromouvoir vos vidéos sur les médias sociaux Optimiser vos vidéos pour la chaîne de médias sociauxC\'est assez facile et tout ce que vous avez à faire est de télécharger la vidéo sur vos canaux sociaux, vous voulez la description de la vidéo pour les médias sociauxEt vous pouvez postuleret cliquez sur le bouton des aéroports maintenant Description du compositeur de la vidéo marketing et offre en quelques mots que nous reculonsEnvoyez votre vidéo marketing dans un e-mail Abonders L\'e-mail est un excellent canal pour le marketingLa façon la plus simple de le faire est ma création d\'une campagne de messagerieOutil de marketing par e-mail de choix pour cet exemple que nous allons utiliser que vous utilisezEntrez maintenant le nom de votre campagne de marketing vidéo dans le champ Nom de la campagne puismenu et cliquezCliquez sur Enregistrer et Fermer pour continuer maintenant Cliquez sur le bouton de conception de l\'e-mail sur la page suivanteSélectionnez votre vidéo comme celle-ci ici en remplaçant le logoVotre propre logo puis un autre titre et un texte dans le contenu bloqué ci-dessousquelle erreur sur youtube dans l\'URL vidéo comme vous pouvez le voirLes revenus baisseront à droite dans le corps de la légende par e-mail pour la vidéo dans le champ de texte ci-dessous Cliquez sur Enregistrer et fermerLaisser les commentaires et autres canaux dans votre créneau est une excellente opportunitéCombien une des meilleures vidéos vidéonon que vous ne travaillez pas', 27, 12),
(28, 'الإعلان عن مقاطع الفيديو الخاصة بك إلىتتعلم فقط إنشاء مقاطع فيديو تسويقية محلية الخطوة الأولىالطريق السريع والمدفوع بواسطةهي وسيلة فعالة لتوليد الكثير من حركة المرورأسرع في استراتيجيات الدرس هذه التي تعلن عن مقاطع الفيديو الخاصة بكعلى استعداد للبدءنوصي مرتين اتساعها و Quora لننتقلاجعل صوتًا أفضل ، يعد المباراة معيارًا رئيسيًا ما تفعله الآنتأكدالنتائج وانقر على الموضوع لكولتك الرئيسية مرة واحدةتهدف حركة المرور والمشاركة من Quora إلى توفير إجابة مفيدة وذات صلة في عملكقم بترقية مقاطع الفيديو الخاصة بك على وسائل التواصل الاجتماعي لتحسين مقاطع الفيديو الخاصة بك لقناة التواصل الاجتماعيهذا سهل بما فيه الكفاية وكل ما عليك فعله هو تحميل الفيديو على قنواتك الاجتماعية التي تريد معرفة الوصف في الفيديو الخاص بوسائل التواصل الاجتماعيويمكنك التقديموانقر على زر المطارات الآن وصف الملحن للفيديو التسويقي وقدم ببضع كلماتإرسال الفيديو التسويقي الخاص بك إلى البريد الإلكتروني للمشتركين البريد الإلكتروني هو قناة رائعة للتسويقأسهل طريقة للقيام بذلك هي إنشاء حملة بريد إلكترونيأداة التسويق عبر البريد الإلكتروني المفضل لهذا المثال ، سنستخدمهاأدخل الآن اسم حملة تسويق الفيديو الخاصة بك في حقل اسم الحملة ثمالقائمة وانقرانقر فوق حفظ وإغلاق للمتابعة الآن انقر على زر البريد الإلكتروني للتصميم في الصفحة التاليةحدد الفيديو الخاص بك مثل هذا هنا عن طريق استبدال الشعارشعارك الخاص ثم عنوان آخر ونص في المحتوى المحظور أدناهما الخطأ على YouTube في عنوان URL للفيديو كما ترونستنخفض الإيرادات إلى جسم التسمية التوضيحية للفيديو في حقل النص أدناه ، انقر فوق حفظ وأغلقيعد ترك التعليقات والقنوات الأخرى في مكانك فرصة عظيمةكم من أفضل مقاطع الفيديولا أنك لا تعمل', 28, 12),
(29, 'अपने वीडियो का विज्ञापनक्योंकि यह आपको प्रासंगिक बनाने में मदद करता है लेकिन यदि आप वास्तव में परिणाम के प्रकार को चलाना चाहते हैंआप पैसे को तेजी से बनाते हैं तो आपके पास इस पाठ में हैGoogle विज्ञापन Google के साथ YouTube पर अपने वीडियो का विज्ञापन करें जो शायद सबसे लोकप्रिय ऑनलाइन विज्ञापन सेवाएं हैंYouTube कई स्थानों पर YouTube सहित स्वयं Google नेटवर्कक्या आपको आवश्यकता है एक सक्रिय Google खाता है जिसे आप Google वेबसाइट पर जा सकते हैंआगामी पाठ अपने वीडियो का विज्ञापनसोशल मीडिया सभी प्रमुख सोशल मीडिया साइटों की अपनी विज्ञापन सेवाएं कई हैंवीडियो सामग्री सुविधाओं को बढ़ावा देने के लिए फेसबुक ट्विटर और स्नैपचैट शीर्ष सोशल मीडिया प्लेटफॉर्मकौन है आंध्र वीडियो सबसे अच्छा वीडियो पोस्ट करेंसोशल मीडिया वास्तव में आसान हैआपको बस अपने व्यवसाय पृष्ठ के साथ जाना है और वीडियो का पता लगाना हैअगला बस पोस्ट पर क्लिक करें आपको करना हैआगे आपको कॉल टू एक्शन का चयन करना होगागंतव्य यूरोप को याद दिलाएंजो आपके वीडियो के विज्ञापन के बारे में है जिसे आप बूस्टर पर क्लिक कर सकते हैंअखिल भारतीयऔसत जिसका अर्थ है कि आपको नहीं करना हैविज्ञापन समाधान जो टीवी को शामिल करता हैअनोखा बड़ायूट्यूबसबसे', 29, 13),
(30, 'anunciando sus videos elPorque te ayuda a construir relevante, pero si realmente quieres conducir el tipo de resultadoHaz tu dinero muy rápido y luego tienes en esta lección túPublicando sus videos en YouTube con Google Ads Google en lo que quizás sea los servicios de publicidad en línea más popularesYouTube en muchos lugares, incluido YouTube, en Google Network¿Necesita una cuenta activa de Google? Puede visitar el sitio web de Googlepróxima lección anunciando su videoLas redes sociales todos los principales sitios de redes sociales tienen sus propios servicios de publicidad a muchosFacebook Twitter y Snapchat Las principales plataformas de redes sociales para promover las funciones de contenido de video¿Quién es el alcance de la publicación de Andhra, los mejores videos?Las redes sociales son realmente fácilesTodo lo que tiene que hacer es ir con su página de negocios y localizar el videoA continuación, haga clic en la publicación del autobús que tiene queA continuación, debe seleccionar la llamada a la acciónRecordatorio del destino Europaque se trata de anunciar su video puede hacer clic en BoosterToda la Indiapromedio, lo que significa que no tienes queSolución publicitaria que abarca la televisiónúnico grandeYouTubeel más', 30, 13),
(31, 'annoncer vos vidéos leParce que cela vous aide à construire pertinent, mais si vous voulez vraiment conduire le type de résultatvous faire de l\'argent très vite, alors vous devez aller à ces vidéos de leçonPrésentation de vos vidéos sur YouTube avec Google ADS Google sur ce qui est peut-être les services de publicité en ligne les plus populairesYouTube sur de nombreux endroits, y compris YouTube lui-même, le réseau GoogleAvez-vous besoin est un compte Google actif que vous pouvez visiter le site Web GoogleLeçon à venir annoncer votre vidéoles médias sociaux Tous les principaux sites de médias sociaux ont leurs propres services de publicité pour beaucoupFacebook Twitter et Snapchat Les meilleures plateformes de médias sociaux pour promouvoir les fonctionnalités de contenu vidéoQui est la vidéo de la portée de la vidéo Andhra les meilleures vidéosLes médias sociaux sont vraiment facilesTout ce que vous avez à faire est d\'aller avec votre page d\'entreprise et de localiser la vidéoCliquez ensuite sur la publication de bus que vous devezEnsuite, vous devez sélectionner l\'appel à l\'actionrappeler la destinationqui concerne la valeur moyenne que vous pouvez cliquer sur Boost pour rechercher SERToute l\'Indemoyen, ce qui signifie que vous n\'avez pas àSolution publicitaire qui englobe la télévisiongrandYoutubele plus', 31, 13),
(32, 'الإعلان عن مقاطع الفيديو الخاصة بكلأنه يساعدك على بناء ذات صلة ولكن إذا كنت تريد حقًا قيادة نوع النتيجةاجعلك المال سريعًا ثم لديك في هذا الدرسالإعلان عن مقاطع الفيديو الخاصة بك على YouTube مع Google Ads Google على ما قد يكون أكثر خدمات الإعلانات عبر الإنترنت شعبيةYouTube في العديد من الأماكن بما في ذلك YouTube نفسها شبكة Googleهل تحتاج إلى حساب Google نشط يمكنك زيارة موقع Googleالدرس القادم الإعلان عن الفيديو الخاص بكوسائل التواصل الاجتماعي جميع مواقع وسائل التواصل الاجتماعي الرئيسية لديها خدمات إعلانية خاصة بها للعديد منFacebook Twitter و Snapchat أفضل منصات الوسائط الاجتماعية للترويج لميزات محتوى الفيديومن هو متناول فيديو أندرا نشر أفضل مقاطع الفيديووسائل التواصل الاجتماعي سهلة حقًاكل ما عليك فعله هو الذهاب مع صفحة عملك وتحديد موقع الفيديوانقر التالي على منشور الحافلة عليكبعد ذلك ، يجب عليك تحديد المكالمة إلى الإجراءتذكير الوجهة أوروباوهو متوسط القيمة التي يمكنك النقر فوقها للبحث في Serكل الهندمما يعني أنه ليس عليك ذلكحل الإعلان الذي يشمل التلفزيونفريدة من نوعها كبيرةموقع YouTubeأكثر', 32, 13),
(33, 'एक सफल वीडियो मार्केटिंग चलानाYouTube के साथ अभियानयदि आप एक वीडियो मार्केटिंग सेवाएं बनाने से दूर हो जाते हैंइस पाठ में हम आपको दिखाने जा रहे हैं कि औसत कैसे बनाया जाएशुरू हो रहा है YouTubeऔर डैशबोर्ड में एक बार साइन इन बटन पर क्लिक करेंऔर फिर निम्नलिखित पृष्ठ पर नए अभियान विकल्प पर आपको अपने अभियान के सोने और अभियान प्रकार का चयन करना होगाअपना वीडियो अभियान जारी रखें अब अपने अभियान के साथ जारी रखने का समय क्या है, इस नए सीए का नाम शुरू करेंअब बिल्डिंग स्ट्रेटेजी टैब पर क्लिक करें और सुनिश्चित करें कि अधिकतम सीपीयू को बिल्डिंग स्ट्रेटेजी के रूप में चुना गया हैअब बजट और दिनांक अनुभाग पर जाएं बजट समय मेनू पर क्लिक करेंहम आपको मेरी डिफ़ॉल्ट एक शेड्यूल शुरू करने के लिए $ 10 और 25 डॉलर के बीच प्रवेश करने की सलाह देते हैंपहले क्लिक करेंअगला स्थान स्टार पर क्लिक करेंउस स्थान की तरह जिसे आप ओके को लक्षित करना चाहते हैंअब पीपल सेक्शन पर जाएं जनसांख्यिकी टैब पर क्लिक करें और अपने जनसांख्यिकीय लक्ष्यीकरण का चयन करें अब ऑडियंस सिस्टम पर क्लिक करेंउस कीवर्ड को खोजने के लिए दर्शकों को खोजने के लिए खोज फ़ील्ड में प्रवेश कीवर्डकीवर्ड टैब पर क्लिक करना अब अपना लक्ष्य फ़ील्ड दर्ज करें अब यहां विषय टैब पर क्लिक करेंइस सेटिंग को खोजने और चुनने के लिएशब्दकोश आप YouTube चैनलों या जगह पर क्लिक कर सकते हैंवेबसाइट और ऐप्स यदि आप सभी संभावित प्लेसमेंट पर अपने विज्ञापन दिखाना चाहते हैं तो इस खंड को खाली छोड़ दें और अगले चरण पर जाएंबैटिंग सेक्शन हैअपना वीडियो बनाने के अंतिम चरण को पूरा करने के लिए नीचे स्क्रॉल करें और आपका वीडियो बनाने और मेरा प्रवेश शुरू करने का समय क्या हैहोमपेज पर बैनरऔर संबंधित वीडियो पर वीडियो और दर्शकों के दौरान या बाद में पहले अधिक वीडियोआप इस प्रारूप का चयन कर सकते हैं यदि आप इस उदाहरण के लिए 6 सेकंड से अधिक लंबे समय तक प्रारूप का चयन करेंगेअगला बैनर अनुभाग में ऑटो उत्पन्न करेंअब आप अभियान तैयार हैं और आपको बस इतना करना है कि इसे मंजूरी देने का इंतजार किया जाए ताकि यह दौड़ना शुरू कर सके', 33, 14),
(34, 'ejecutar un video marketing exitosoCampaña con YouTubeSi brilla de crear un video de marketing de marketingEn esta lección le vamos a mostrar cómo crear un promedioComenzando youtubey haga clic en el botón de inicio de sesión una vez en el tablero, haga clic en la pestaña de la campaña en la siguiente página Haga clic en el icono de plantasY luego, en la nueva opción de campaña en la siguiente página, debe seleccionar el oro y el tipo de campaña de su campañaCampaña de video personalizada como suscripción de campaña y luegoContinúe su campaña de video ahora, ¿cuál es el momento de continuar con su campaña? Comenzó el nombre de esta nueva CAAhora haga clic en la pestaña Estrategia de construcción y asegúrese de que se seleccione la CPU máxima como estrategia de construcciónAhora mueva sobre la sección de presupuesto y fecha. Haga clic en el menú de tiempo de presupuestoLe recomendamos que ingrese entre $ 10 y 25 dólares para comenzar mi valor predeterminado el horario únicoPrimero clicA continuación, haga clic en la estrella de ubicaciónAl igual que la ubicación a la que desea apuntar bien, ahora desplácese hacia abajo hasta la sección Creative Art Group Ingrese el nombre de estas campañas y el grupo en el grupo ADDAhora muévase a la sección People Haga clic en la pestaña Demografía y seleccione su orientación demográfica ahora haga clic en el sistema de audienciaIngrese una palabra clave en el campo de búsqueda para encontrar una audiencia para encontrar con esa palabra clave y seleccionado siguiente mover a la sección de contenidoHaga clic en la pestaña Palabras clave ahora ingrese su campo de destino Ahora haga clic en la pestaña Tema aquíPara encontrar y seleccionar el tema esta configuraciónDiccionario Puede hacer clic en los canales de YouTube oSitios web y aplicaciones Si desea mostrar sus anuncios en todas las ubicaciones posibles, deje esta sección en blanco y pase al siguiente pasoes la sección de bateoDesplácese hacia abajo para completar el paso final creando su video y cuál es el momento de crear su video y comenzar mi Enterbanner en la página de inicio eny en los videos relacionados más video antes durante o después del video y los espectadoresPuede seleccionar este formato de sus videos de más de 6 segundos para este ejemplo, seleccionar el formatoSeleccione Seleccione Auto Generar en la sección BannerAhora su campaña está lista y todo lo que tiene que hacer es esperar a ser aprobado para que pueda comenzar a funcionar', 34, 14),
(35, 'exécuter un marketing vidéo réussicampagne avec YouTubeSi vous vous éloignez de la création de services de marketing vidéoDans cette leçon, nous allons vous montrer comment créer une moyenneCommencer YouTubeEt cliquez sur le bouton Connexion une fois dans le tableau de bord Cliquez sur l\'onglet Campagne sur la page suivante Cliquez sur l\'icône des plantesEt puis sur la nouvelle option de campagne sur la page suivante, vous devez sélectionner l\'or de la campagne et le type de campagneCampagne vidéo personnalisée en tant que campagne abonnez-vous puisContinuez votre campagne vidéo maintenant ce qui est le temps de configurer la campagne vidéo a commencé le nom de ce nouvel CACliquez maintenant sur l\'onglet Stratégie de construction et assurez-vous que le CPU maximum est sélectionné comme stratégie de constructionDéplacez maintenant la section Budget et Date Cliquez sur le menu Budget TimeNous vous recommandons d\'entrer entre 10 $ et 25 dollars pour commencer mon par défaut le seul calendrierPremier clicEnsuite, cliquez sur l\'étoile de l\'emplacementComme l\'emplacement que vous souhaitez cibler OK maintenant, faites défiler jusqu\'à la section Creative Art Group Entrez le nom de ces campagnes et du groupe dans le groupe ADDMaintenant, passez à la section People Cliquez sur l\'onglet démographique et sélectionnez votre ciblage démographique maintenant Cliquez sur le système d\'audienceMot-clé d\'entrée dans le champ de recherche pour trouver un public à trouver par ce mot-clé et sélectionné le prochain déménagement vers la section de contenuCliquez sur l\'onglet Mots-clés maintenant entrez votre champ cible maintenant cliquez sur l\'onglet Topicul iciPour trouver et sélectionner le sujet ce paramètredictionnaire Vous pouvez cliquer sur les chaînes YouTube de la place ouSites Web et applications Si vous souhaitez afficher vos annonces sur tous les placements possibles, laissez cette section vide et passez à l\'étape suivantesection de frappeurFaites défiler vers le bas pour terminer la dernière étape de création de votre vidéo et ce qui est le temps de créer votre vidéo et de démarrer mon Entréebannière sur la page d\'accueilEt sur les vidéos connexes plus de vidéo avant pendant ou après la vidéo et les téléspectateursVous pouvez sélectionner ce format de vos vidéos de plus de 6 secondes pour cet exemple sélectionnerait le formatSélectionnez Sélectionnez Auto Générer dans la section BannerMaintenant, votre campagne est prête et tout ce que vous avez à faire est l\'attente pour être approuvée afin qu\'elle puisse commencer à courir', 35, 14),
(36, 'تشغيل تسويق فيديو ناجححملة مع YouTubeإذا كنت تتألق بعيدًا عن إنشاء خدمات تسويق الفيديوفي هذا الدرس ، سنعرض لك كيفية إنشاء متوسطالبدء في YouTubeوانقر فوق الزر \"تسجيل الدخول\" مرة واحدة في لوحة القيادة ، انقر فوق علامة تبويب الحملة في الصفحة التالية ، انقر فوق أيقونة النباتاتثم على خيار الحملة الجديدة في الصفحة التالية ، سيتعين عليك تحديد حملتك الذهبية ونوع الحملة حملتكحملة مخصصة للفيديو كحملات الحملة وبعد ذلكاستمر في حملة الفيديو الخاصة بك الآن ما هو الوقت المناسب للمتابعة مع حملتك بدأ اسم هذا كاليفورنيا الجديدانقر الآن على علامة التبويب \"استراتيجية البناء\" وتأكد من تحديد الحد الأقصى لوحدة المعالجة المركزية كاستراتيجية بناءانتقل الآن فوق قسم الميزانية والتاريخ ، انقر فوق قائمة وقت الميزانيةنوصيك بالدخول بين 10 و 25 دولارًا لتبدأ الافتراضي في الجدول الزمني الوحيدالنقر الأولانقر التالي على نجم الموقعمثل الموقع الذي تريد استهدافه موافق الآن ، قم بالتمرير لأسفل إلى قسم مجموعة الفنون الإبداعية ، أدخل اسم هذه الحملات والمجموعة في مجموعة إضافةانتقل الآن إلى قسم الأشخاص ، انقر فوق علامة التبويب التركيبة الفائقة وحدد الاستهداف الديموغرافي الخاص بك الآن انقر على نظام الجمهورالكلمة الرئيسية للإدخال في حقل البحث للعثور على جمهور للعثور على تلك الكلمة الرئيسية واختياره التالي الانتقال إلى قسم المحتوىالنقر فوق علامة تبويب الكلمات الرئيسية الآن أدخل حقل الهدف الخاص بك الآن انقر فوق علامة التبويب الموضوع هناللعثور على هذا الإعداد وتحديد الموضوعالقاموس يمكنك النقر فوق مكان قنوات يوتيوب أومواقع الويب والتطبيقات إذا كنت ترغب في عرض إعلاناتك على جميع المواضع الممكنة ، اترك هذا القسم فارغًا وانتقل إلى الخطوة التاليةهو القسم الضربقم بالتمرير لأسفل لإكمال الخطوة النهائية لإنشاء الفيديو الخاص بك وما هو الوقت لإنشاء مقطع الفيديو الخاص بك وبدء إدخاللافتة على الصفحة الرئيسية فيوعلى مقاطع الفيديو ذات الصلة ، المزيد من الفيديو قبل أو بعد الفيديو والمشاهدينيمكنك تحديد هذا التنسيق من مقاطع الفيديو الخاصة بك لفترة أطول من 6 ثوانٍ لهذا المثال سيحدد التنسيقبعد ذلك حدد تلقائيًا في قسم اللافتةالآن أنت جاهز للحملات وكل ما عليك فعله هو انتظار الموافقة حتى يتمكن من البدء في التشغيل', 36, 14),
(37, 'एक सफल वीडियो चलानासबसे बड़े वीडियो साझाकरण पर वीडियोइस पाठ में ग्रह पर हस्ताक्षर करेंफेसबुक को सबसे लोकप्रिय चालू करेंअभियान निर्माण पृष्ठअभियान नाम क्षेत्रअगर आपइस पर क्लिक करेंनिम्नलिखित पृष्ठ पर अपने खाता देश का चयन करें आप यहां क्लिक कर सकते हैंठीक है अब यह अभियान को कॉन्फ़िगर करने का समय आ गया हैअब दर्शकों की प्रतिक्रिया पर जाएंपरिणामविस्तृत लक्ष्यीकरण अनुभाग विशेषता के अनुसार मैच ब्याज हैअनुकूलन और खर्च मेंपर्याप्तअनुभाग और फेसबुक पेज ड्रॉपडाउन पर क्लिक करेंअब पाठ और लिंक अनुभाग को प्राथमिक पाठ क्षेत्र में ले जाएंएक मनोरंजक पृष्ठ जो आप सभी वेबसाइट में हैं, आप इस विकल्प को सक्रिय करते समय विवरण में एक शीर्षक भी जोड़ सकते हैंठीक है अब संकुचन ड्रॉपडाउन मेनूअनुमोदन के लिए अभियान सेटिंग्स वीडियो मार्केटिंग अभियान की समीक्षा करने के लिए समीक्षा बटन पर क्लिक करें', 37, 15),
(38, 'Ejecutar un video exitosoVideo sobre el intercambio de videos más grandeFirme en el planeta en esta lecciónEnciende Facebook el más popularpágina de creación de campañacampo de nombre de la campañasi ustedHaga clic en estoEn la página siguiente, seleccione su país de cuenta, puede hacer clic aquíOk, ahora es el momento de configurar la campaña Inicie mi entrada. El nombre de la respuesta para esta campañaAhora muévase a la reacción de la audienciaresultadoDe acuerdo con el atributo de sección de orientación detallada, el partido es el interésen la optimización y gastoSección y haga clic en el menú desplegable de la página de FacebookAhora muévase a la sección de texto y enlace al campo de texto primarioUna página entretenida en el que está en el sitio web también puede agregar un titular en la descripción cuando activa esta opciónOk, ahora, menú desplegable de contracciónHaga clic en el botón de revisión para revisar la campaña de Video Marketing de la configuración de su campaña para su aprobación', 38, 15),
(39, 'exécuter une vidéo réussievidéo sur le plus grand partage de vidéosConnectez-vous sur la planète dans cette leçonAllumez Facebook le plus populairepage de création de campagnechamp de nom de campagnesi tucliquez dessusSur la page suivante, sélectionnez votre pays de compte, vous pouvez cliquer iciOk maintenant, il est temps de configurer la campagne Démarrer mon entrée Le nom de la réponse pour cette campagnePassez maintenant à la réaction du publicrésultatSelon l\'attribut de section de ciblage détaillé, le match est l\'intérêtdans l\'optimisation et les dépensesSection et cliquez sur la liste déroulante de la page FacebookPassez maintenant à la section texte et lien vers le champ de texte principalUne page de divertissement que vous êtes tous dans le site Web, vous pouvez également ajouter un titre dans la description lorsque vous activez cette optionvérifier votreCliquez sur le bouton de révision pour revoir votre campagne de marketing vidéo paramètres de campagne pour approbation', 39, 15),
(40, 'تشغيل فيديو ناجحفيديو على أكبر مشاركة فيديوتسجيل الدخول على الكوكب في هذا الدرسقم بتشغيل Facebook الأكثر شعبيةصفحة إنشاء الحملةحقل اسم الحملةاذا أنتانقر على هذافي الصفحة التالية ، حدد بلد حسابك يمكنك النقر هناحسنًا ، حان الوقت لتكوين الحملة ، ابدأ إدخال اسم الإجابة لهذه الحملةانتقل الآن إلى رد فعل الجمهورنتيجةوفقًا لسمة قسم الاستهداف التفصيلي ، فإن المباراة هي الفائدةفي التحسين والإنفاقمناسبالقسم وانقر على منسد صفحة Facebookانتقل الآن إلى قسم النص والرابط إلى حقل النص الأساسيصفحة مسلية أنت جميعها في موقع الويب ، يمكنك أيضًا إضافة عنوان في الوصف عند تنشيط هذا الخيارافحصانقر على زر المراجعة لمراجعة حملة تسويق الفيديو الخاصة بك للموافقة', 40, 15),
(41, 'एक सफल वीडियो चलानावीडियो मार्केटिंग अभियान जो हर बारक्योंकि हम आपको यह दिखाने जा रहे हैं कि वीडियो मार्केटिंग अभियान कैसे बनाया जाएट्विटर बहुत सारे सगाई और ट्रैफ़िक वीडियो चलाने के लिए एक शानदार जगह है और वहाँ हैआपके पास ट्विटर के लिए एक वीडियो मार्केटिंग अभियान बनाना शुरू करनाठीक हैअभियानअब आपके द्वारा दैनिक बजट खर्च करने वाली राशि दर्ज करेंयदि आप यहां राशि दर्ज नहीं करते हैं, तो आप कुल बजट क्षेत्र में पूरे अभियान के दौरान खर्च करना चाहते हैं।आप अभियान के लिए दुखी और असीमित बजट हैं जब तक कि आप तारीख शुरू नहीं कर सकतेआपने क्या कहा कि इस पृष्ठ पर सभी विकल्प अब जारी रखने के लिए अगले बटन पर क्लिक करेंआप नीचे दिए गए कैलेंडर फ़ंक्शन का भी उपयोग कर सकते हैंअगला बेड टाइम मेनू पर क्लिक करेंयदि आप चयन करते हैं तो सभी बिल आपकी ओर से स्वचालित रूप से रखे जाएंगेबेड यूनिट पर क्लिक करें ड्रॉप डाउन मेनू बटन पर क्लिक करें कि आप वीडियो चाहते हैंआप इस खंड में सब कुछ भेजने के बाद जारी रखने के लिए अगले एक पर क्लिक कर सकते हैंजनसांख्यिकीय अनुभाग पर जाएं और लिंग और आयु सीमा का चयन करें अगले स्थानों का उपयोग करें भाषाओं और प्रौद्योगिकियों के मेनू का चयन करेंयूरोप में लोगव्यवहार ब्याजऔर टीवी दिखाता है कि आपके नाश्ते पर रुचि से मेल खाता है आप नीचे दिए गए विकल्पों को सक्रिय कर सकते हैंसिफारिशें कि आप अपनी रुचि भी चाहते हैंयदि आप सक्रिय करते हैं तो विस्तारअगले चरण में जाने के लिए आप अगले बटन पर क्लिक कर सकते हैंएक वीडियो का चयन करनाआप समय को बढ़ावा देने के लिए खाने के लिए एक से अधिक वीडियो का चयन कर सकते हैं, अब निम्नलिखित पृष्ठ पर अगले बटन पर क्लिक करें', 41, 16),
(42, 'Ejecutar un video exitosoCampaña de marketing de video que cada vezPorque vamos a mostrarle cómo crear una campaña de marketing de videoTwitter es un gran lugar para impulsar muchos videos de compromiso y tráfico y hayEmpezando a crear una campaña de marketing de video para Twitter que tieneOKcampañaAhora ingrese la cantidad de dinero que gasta el presupuesto diarioPuede ingresar la cantidad máxima que desea gastar durante toda la campaña en el campo de presupuesto total si no ingresa el monto aquíEres un presupuesto triste e ilimitado para la campaña hasta que inicie la fecha, puedeLo que dijo todas las opciones en esta página Haga clic en el botón Siguiente para continuar ahora, ¿qué es hora?También puede usar las funciones del calendario a continuaciónA continuación, haga clic en el menú de hora de camaTodas las facturas se colocarán automáticamente en su nombre si selecciona elHaga clic en el botón Menú desplegable de la unidad de la cama para seleccionar el tipo de vista que desea videoVaya a la sección demográfica y seleccione el rango de género y edad a continuación, use el menú Lenguas y Tecnologías de ubicaciones para seleccionar elGente en Europapara encontrar y seleccionar los comportamientos de eventos interésy programas de televisión que coinciden con el interés en su desayuno, puede activar las opciones a continuaciónRecomendaciones que también puede querer su interésSi activa la expansiónPuede hacer clic en el botón Siguiente para pasar al siguiente paso despuésCrear el aire y lanzar la campaña ahora, ¿cuál es el momento de configurar el Android?Puede seleccionar más de un video para comer para promocionar la hora ahora haga clic en el botón Siguiente en la siguiente página Simplemente', 42, 16);
INSERT INTO `transcript` (`id`, `script`, `c_id`, `video_id`) VALUES
(43, 'exécuter une vidéo réussieCampagne de marketing vidéo qui à chaque foisParce que nous allons vous montrer comment créer une campagne de marketing vidéoTwitter est un endroit idéal pour conduire beaucoup de vidéos d\'engagement et de trafic et il y aCommencer à créer une campagne de marketing vidéo pour Twitter que vous avezd\'accordcampagneEntrez maintenant le montant d\'argent que vous dépensez quotidiennementVous pouvez saisir le montant maximum que vous souhaitez dépenser pendant toute la campagne dans le domaine budgétaire total si vous n\'entrez pas le montant iciVous êtes un budget triste et illimité pour la campagne jusqu\'à votre date de début, vous pouvezCe que vous avez dit toutes les options de cette page Cliquez sur le bouton Suivant pour continuer maintenant ce qui est tempsVous pouvez également utiliser les fonctions de calendrier ci-dessousSuivant Cliquez sur le menu du coucherToutes les factures seront placées automatiquement en votre nom si vous sélectionnez leCliquez sur le bouton de menu déroulant l\'unité de lit pour sélectionner le type de vue que vous souhaitez vidéoVous pouvez cliquer sur le suivant pour continuer après avoir tout envoyé dans cette sectionAccédez à la section démographique et sélectionnez le sexe et la tranche d\'âge Suivant Utilisez le menu des langages et technologies des emplacements pour sélectionner lePersonnes en EuropePour trouver et sélectionner les comportements d\'intérêtet des émissions de télévision qui correspondent à l\'intérêt de votre petit-déjeuner, vous pouvez activer les options ci-dessousrecommandations que vous pouvez également souhaiter votre intérêtSi vous activez, développezVous pouvez cliquer sur le bouton Suivant pour passer à l\'étape suivante aprèsCréer l\'air et lancer la campagne maintenant ce qui est le temps de configurer l\'AndroidVous pouvez sélectionner plus d\'une vidéo à manger pour promouvoir l\'heure maintenant, cliquez sur le bouton Suivant sur la page suivante simplement', 43, 16),
(44, 'تشغيل فيديو ناجححملة تسويق الفيديو في كل مرةلأننا سنعرض لك كيفية إنشاء حملة تسويق فيديويعد Twitter مكانًا رائعًا لقيادة الكثير من مقاطع الفيديو الخاصة بالاشتباك ومقاطع الفيديو وهناكالبدء في إنشاء حملة تسويق فيديو لتويتر لديكنعمحملةأدخل الآن مبلغ المال الذي تنفقه على الميزانية اليوميةيمكنك إدخال الحد الأقصى للمبلغ الذي تريد إنفاقه خلال الحملة بأكملها في حقل الميزانية الكلي إذا لم تقم بإدخال المبلغ هناأنت حزين وغير محدود من الميزانية للحملة حتى تتمكن من بدء تاريخ البدءما قلته كل الخيارات في هذه الصفحة ، انقر على الزر التالي للمتابعة الآن ما هو الوقتيمكنك أيضًا استخدام وظائف التقويم أدناهثم انقر التالي على قائمة وقت النومسيتم وضع جميع الفواتير تلقائيًا نيابة عنك إذا قمت بتحديدانقر على زر القائمة المنسدلة في وحدة السرير لتحديد نوع العرض الذي تريدهيمكنك النقر فوق واحد التالي للمتابعة بعد إرسال كل شيء في هذا القسمانتقل إلى القسم الديموغرافي وحدد الفئة بين الجنسين والعمري التالي ، استخدم قائمة اللغات والتقنيات المواقع لتحديدالناس في أوروبااهتمام السلوكياتوالبرامج التلفزيونية التي تتطابق مع الاهتمام بوجبة الإفطار الخاصة بك ، يمكنك تنشيط الخيارات أدناهالتوصيات التي يمكنك أيضا أن ترغب أيضا في اهتمامكإذا قمت بتفعيل التوسعيمكنك النقر فوق الزر التالي للانتقال إلى الخطوة التالية بعديمكنك تحديد أكثر من مقطع فيديو لتناول الطعام للترويج للوقت الآن انقر على الزر التالي في الصفحة التالية ببساطة', 44, 16),
(45, 'एक सफल वीडियो चलानापरदुनिया में सबसे आकर्षक सोशल मीडिया साइटें और अच्छी खबर यह है कि हमें कुछ खास मिला हैस्नैपचैट के लिए एक भयानक विज्ञापन अभियान कैसे बनाएंस्नैपचैट पर वीडियो मार्केटिंग अभियान आप चाहते हैंव्यवसाय जानकारीSnapchat.com पर कॉल करें और अपने SnapChat लॉगिन जानकारी के साथ साइन इन करेंजहां एक स्नैपचैट बनाने के दो तरीके और इस पृष्ठ से तत्काल बनाएँयहां वीडियो मार्केटिंग अभियान बनाने का सबसे आसान तरीकाहमारी वेबसाइट का दौरा औरऔर इस उदाहरण के लिए ऐप विज़िट आइए वेबसाइट का चयन करेंअपलोड वीडियो पर क्लिक करें या खोजने के लिए बटन का अनुसरण करें और अपने मार्केटिंग वीडियो का चयन करें यदि आप वीडियो हैं तो मोबाइल स्क्रीन के लिए प्रारूप नहीं हैकॉपीडिफ़ॉल्ट रूप से आपके व्यवसाय का नाम व्यावसायिक फ़ील्ड के नाम से जोड़ा जाएगा जिसे आप किसी अलग ब्रांड या उत्पाद को बढ़ावा देने पर इसे संपादित कर सकते हैंअब अगला स्टेप डिलीवरी जारी रखने के लिए अगला बटन पर क्लिक करें जनसांख्यिकी टैब पर क्लिक करेंएमएस सेक्शन आप अपने लक्षित दर्शकों पर उम्र और भाषाओं का चयन करने जा रहे हैं, अब स्थान टैब पर क्लिक करें और ड्रॉप का उपयोग करेंक्या आप पहले स्थान और अवधि अनुभाग का चयन करने के लिए स्थानों पर संतुलन बना सकते हैंआप क्लिक कर सकते हैंअलग -अलग शेड्यूल का चयन करने के लिए फ़ील्ड शुरू और समाप्त होता हैबजट के प्रकार के अनुसार, आप बजट अनुभाग के तहत एक राशि क्षेत्र का चयन करते हैं, यहां आपको अपना व्यवसाय दर्ज करना होगायह जानकारी आवश्यक हैअब भुगतान विवरण अनुभाग पर जाएं यहां आप भुगतान विधि का चयन करने जा रहे हैंआपकी सारी जानकारी यहाँशक्ति ऑडियंस अवलोकन अनुभाग अपनी संभावित आयु का पूर्वावलोकन प्राप्त करने के लिए और फिर जनता पर क्लिक करेंस्नैपचैट पर वीडियो मार्केटिंग अभियान और जब आप खुद को कोशिश करेंगे तो आप आपको देखेंगे', 45, 17),
(46, 'Ejecutar un video exitososobre elLos sitios de redes sociales más atractivos del mundo y la buena noticia es que tenemos algo especial paraCampaña de marketing de video en Snapchat que desea negocios no snapchat.cominformación de negociosLlame a Snapchat.com e inicie sesión con su información de inicio de sesión de Snapchatdonde dos formas de crear un snapchat y desde esta página instantáneLa forma más fácil de crear una campaña de marketing de video aquínuestro sitio web visita yy visitas de aplicación para este ejemplo, seleccionemos el sitio webHaga clic en el botón Subir Video o siga para localizar y seleccionar su video de marketing si es video no es formato para la pantalla móvilCopiarPor defecto, el nombre de su negocio se agregará al nombre de Nombre del Nombre de Negocio, que puede editarlo si promociona una marca o producto diferente.Ahora haga clic en el botón Siguiente para continuar con la entrega del siguiente paso Haga clic en la pestaña DemografíaSección MS, va a seleccionar los géneros de las edades y los idiomas de su público objetivo, ahora haga clic en la pestaña Ubicación y use la caída¿Puede equilibrar las ubicaciones para seleccionar primero la sección de ubicación y duración?puedes hacer clic eninicia y termina los campos para seleccionar el horario diferenteSegún el tipo de presupuesto que selecciona un campo de cantidad bajo la sección de presupuesto, debe ingresar a su negocioEsta información es necesariaAhora pase a la sección Detalles de pago aquí, usted va a seleccionar el método de pagoToda tu información aquíSección de descripción general de la audiencia Shakti para obtener una vista previa de su alcance potencial y luego haga clic en el públicoCampaña de marketing de video en Snapchat y te verás cuando intentes tú mismo', 46, 17),
(47, 'exécuter une vidéo réussiesur leLes sites de médias sociaux les plus engageants dans le monde et la bonne nouvelle est que nous avons quelque chose de spécial pourComment créer une campagne publicitaire impressionnante pour le démarrage de SnapchatCampagne de marketing vidéo sur Snapchat Vous voulez que les affaires ne disent pas snapchat.cominformations d\'affairesAppelez Snapchat.com et connectez-vous avec vos informations de connexion Snapchatoù deux façons de créer un Snapchat et à partir de cette page instantanée, créez-vous un seulLa façon la plus simple de créer une campagne de marketing vidéo iciNotre site Web visite etet les visites d\'applications pour cet exemple, sélectionnons le site WebCliquez sur le bouton Télécharger la vidéo ou Suivre pour localiser et sélectionner votre vidéo marketing si vous êtes la vidéo n\'est pas du format pour l\'écran mobilecopiePar défaut, le nom de votre entreprise sera ajouté au nom du domaine des affaires que vous pouvez le modifier si vous faites la promotion d\'une marque ou d\'un produit différentMaintenant, cliquez sur le bouton Suivant pour continuer à la livraison d\'étape suivante en cliquant sur l\'onglet démographiqueSection MS Vous allez sélectionner les sexes Les âges et les langues de votre public cible Cliquez maintenant sur l\'onglet Emplacement et utilisez la gouttePouvez-vous les boutons des emplacements pour sélectionner d\'abord la section d\'emplacement et de duréevous pouvez cliquer surDémarrer et terminer les champs pour sélectionner les différents horairesSelon le type de budget que vous sélectionnez un champ de montant en vertu de la section budget ici, vous devez entrer dans votre entrepriseCette information est obligatoirePassez maintenant à la section Détails de paiement ici, vous allez sélectionner le mode de paiementToutes vos informations iciSECTION DE PROPOITION DE L\'AUDICRE DE SHAKTI Pour obtenir un aperçu de votre âge potentiel, puis cliquez sur le publicCampagne de marketing vidéo sur Snapchat et vous vous verrez lorsque vous essayez de vous-même', 47, 17),
(48, 'تشغيل فيديو ناجحعلى المعظم مواقع التواصل الاجتماعي الجذابة في العالم والخبر السار هو أننا لدينا شيء مميز لهكيفية إنشاء حملة إعلانية رائعة لبدء Snapchatحملة تسويق الفيديو على Snapchat تريد العمل لا Snapchat.comمعلومات العملاتصل على snapchat.com وتسجيل الدخول مع معلومات تسجيل الدخول إلى Snapchatحيث تتيح لك طريقتان لإنشاء Snapchat ومن هذه الصفحة إنشاء لحظةأسهل طريقة لإنشاء حملة تسويق الفيديو هنازيارات موقعنا ووزيارات التطبيق لهذا المثال ، دعنا نختار موقع الويبانقر فوق الزر \"تحميل الفيديو\" أو اتبعه لتحديد موقع الفيديو التسويقي وحدده إذا كنت لا تنسيق على شاشة الهاتف المحمولينسخبشكل افتراضي ، سيتم إضافة اسم عملك إلى اسم حقل الأعمال الذي يمكنك تحريره إذا كنت تروج لعلامة تجارية أو منتج مختلفانقر الآن على الزر التالي للمتابعة إلى خطوة التسليم التالية النقر فوق علامة تبويب التركيبة السكانيةقسم MS ، ستقوم بتحديد الأجناس واللغات الموجودة على جمهورك المستهدف الآن انقر فوق علامة تبويب الموقع واستخدم الإسقاطهل يمكنك التوازن في المواقع لتحديد قسم الموقع والمدة أولاًيمكنك النقر فوقتبدأ الحقول وينتهي لتحديد الجدول الزمني المختلفةوفقًا لنوع الميزانية التي تختارها حقل مبلغ ضمن قسم الميزانية هنا ، عليك إدخال عملكهذه المعلومات مطلوبةانتقل الآن إلى قسم تفاصيل الدفع هنا ، ستقوم بتحديد طريقة الدفعكل معلوماتك هناقسم نظرة عامة على جمهور Shakti للحصول على معاينة لمدى محتمل ، ثم انقر على الجمهورحملة تسويق الفيديو على Snapchat وستراك عندما تحاول نفسك', 48, 17),
(49, 'एक सफल वीडियो चलानापरदुनिया में सबसे आकर्षक सोशल मीडिया साइटें और अच्छी खबर यह है कि हमें कुछ खास मिला हैस्नैपचैट के लिए एक भयानक विज्ञापन अभियान कैसे बनाएंस्नैपचैट पर वीडियो मार्केटिंग अभियान आप चाहते हैंव्यवसाय जानकारीSnapchat.com पर कॉल करें और अपने SnapChat लॉगिन जानकारी के साथ साइन इन करेंजहां एक स्नैपचैट बनाने के दो तरीके और इस पृष्ठ से तत्काल बनाएँयहां वीडियो मार्केटिंग अभियान बनाने का सबसे आसान तरीकाहमारी वेबसाइट का दौरा औरऔर इस उदाहरण के लिए ऐप विज़िट आइए वेबसाइट का चयन करेंअपलोड वीडियो पर क्लिक करें या अपने मार्केटिंग वीडियो का पता लगाने और चुनने के लिए बटन का अनुसरण करें यदि आप वीडियो मोबाइल स्क्रीन के लिए प्रारूप नहीं हैंकॉपीडिफ़ॉल्ट रूप से आपके व्यवसाय का नाम व्यावसायिक फ़ील्ड के नाम से जोड़ा जाएगा जिसे आप किसी अलग ब्रांड या उत्पाद को बढ़ावा देने पर इसे संपादित कर सकते हैंअब अगला स्टेप डिलीवरी जारी रखने के लिए अगला बटन पर क्लिक करें जनसांख्यिकी टैब पर क्लिक करेंएमएस सेक्शन आप अपने लक्षित दर्शकों पर उम्र और भाषाओं का चयन करने जा रहे हैं, अब स्थान टैब पर क्लिक करें और ड्रॉप का उपयोग करेंक्या आप पहले स्थान और अवधि अनुभाग का चयन करने के लिए स्थानों पर बटन कर सकते हैंआप क्लिक कर सकते हैंअलग -अलग शेड्यूल का चयन करने के लिए फ़ील्ड शुरू और समाप्त होता हैबजट के प्रकार के अनुसार, आप बजट अनुभाग के तहत एक राशि क्षेत्र का चयन करते हैं, यहां आपको अपना व्यवसाय दर्ज करना होगायह जानकारी आवश्यक हैअब भुगतान विवरण अनुभाग पर जाएं यहां आप भुगतान विधि का चयन करने जा रहे हैंआपकी सारी जानकारी यहाँशक्ति ऑडियंस अवलोकन अनुभाग अपनी संभावित आयु का पूर्वावलोकन प्राप्त करने के लिए और फिर जनता पर क्लिक करेंस्नैपचैट पर वीडियो मार्केटिंग अभियान और जब आप खुद को कोशिश करेंगे तो आप आपको देखेंगे', 49, 18),
(50, 'Ejecutar un video exitososobre elLos sitios de redes sociales más atractivos del mundo y la buena noticia es que tenemos algo especial paraCómo crear una increíble campaña publicitaria para comenzar SnapchatCampaña de marketing de video en Snapchat que desea negocios no snapchat.cominformación de negociosLlame a Snapchat.com e inicie sesión con su información de inicio de sesión de Snapchatdonde dos formas de crear un snapchat y desde esta página instantáneLa forma más fácil de crear una campaña de marketing de video aquínuestro sitio web visita yy visitas de aplicación para este ejemplo, seleccionemos el sitio webHaga clic en el botón Suber Video o siga para localizar y seleccionar su video de marketing si es video no es formato para la pantalla móvilCopiarPor defecto, el nombre de su negocio se agregará al nombre de Nombre del Nombre de Negocio, que puede editarlo si promociona una marca o producto diferente.Ahora haga clic en el botón Siguiente para continuar con la entrega del siguiente paso Haga clic en la pestaña DemografíaSección MS, va a seleccionar los géneros de las edades y los idiomas de su público objetivo, ahora haga clic en la pestaña Ubicación y use la caída¿Puede equilibrar las ubicaciones para seleccionar primero la sección de ubicación y duración?puedes hacer clic eninicia y termina los campos para seleccionar el horario diferenteSegún el tipo de presupuesto que selecciona un campo de cantidad bajo la sección de presupuesto, debe ingresar a su negocioEsta información es necesariaAhora pase a la sección Detalles de pago aquí, usted va a seleccionar el método de pagoToda tu información aquíSección de descripción general de la audiencia Shakti para obtener una vista previa de su alcance potencial y luego haga clic en el públicoCampaña de marketing de video en Snapchat y te verás cuando intentes tú mismo', 50, 18),
(51, 'exécuter une vidéo réussiesur leLes sites de médias sociaux les plus engageants dans le monde et la bonne nouvelle est que nous avons quelque chose de spécial pourComment créer une campagne publicitaire impressionnante pour le démarrage de SnapchatCampagne de marketing vidéo sur Snapchat Vous voulez que les affaires ne disent pas snapchat.cominformations d\'affairesAppelez Snapchat.com et connectez-vous avec vos informations de connexion Snapchatoù deux façons de créer un Snapchat et à partir de cette page instantanée, créez-vous un seulLa façon la plus simple de créer une campagne de marketing vidéo iciNotre site Web visite etet visite de l\'application pour cet exemple, site Web, site WebCliquez sur le bouton Télécharger la vidéo ou Suivre pour localiser et sélectionner votre vidéo marketing si vous êtes la vidéo n\'est pas du format pour l\'écran mobilecopiePar défaut, le nom de votre entreprise sera ajouté au nom du domaine des affaires que vous pouvez le modifier si vous faites la promotion d\'une marque ou d\'un produit différentMaintenant, cliquez sur le bouton Suivant pour continuer à la livraison d\'étape suivante en cliquant sur l\'onglet démographiqueSection MS Vous allez sélectionner les sexes Les âges et les langues de votre public cible Cliquez maintenant sur l\'onglet Emplacement et utilisez la gouttePouvez-vous les boutons des emplacements pour sélectionner d\'abord la section d\'emplacement et de duréevous pouvez cliquer surDémarrer et terminer les champs pour sélectionner les différents horairesSelon le type de budget que vous sélectionnez un champ de montant en vertu de la section budget ici, vous devez entrer dans votre entrepriseCette information est obligatoirePassez maintenant à la section Détails de paiement ici, vous allez sélectionner le mode de paiementToutes vos informations iciSECTION DE PROPOITION DE L\'AUDICRE DE SHAKTI Pour obtenir un aperçu de votre âge potentiel, puis cliquez sur le publicCampagne de marketing vidéo sur Snapchat et vous vous verrez lorsque vous essayez de vous-même', 51, 18),
(52, 'जहां एक स्नैपचैट बनाने के दो तरीके और इस पृष्ठ से तत्काल बनाएँपरदुनिया में सबसे आकर्षक सोशल मीडिया साइटें और अच्छी खबर यह है कि हमें कुछ खास मिला हैस्नैपचैट के लिए एक भयानक विज्ञापन अभियान कैसे बनाएंस्नैपचैट पर वीडियो मार्केटिंग अभियान आप चाहते हैंSnapchat.com पर कॉल करें और अपने SnapChat लॉगिन जानकारी के साथ साइन इन करेंजहां एक स्नैपचैट बनाने के दो तरीके और इस पृष्ठ से तत्काल बनाएँयहां वीडियो मार्केटिंग अभियान बनाने का सबसे आसान तरीका हैहमारी वेबसाइट का दौरा औरऔर इस उदाहरण के लिए ऐप विज़िट आइए वेबसाइट का चयन करेंअपलोड वीडियो पर क्लिक करें या अपने मार्केटिंग वीडियो का पता लगाने और चुनने के लिए बटन का अनुसरण करें यदि आप वीडियो मोबाइल स्क्रीन के लिए प्रारूप नहीं हैंकॉपीडिफ़ॉल्ट रूप से आपके व्यवसाय का नाम व्यावसायिक फ़ील्ड के नाम से जोड़ा जाएगा जिसे आप किसी अलग ब्रांड या उत्पाद को बढ़ावा देने पर इसे संपादित कर सकते हैंअब अगला स्टेप डिलीवरी जारी रखने के लिए अगला बटन पर क्लिक करें जनसांख्यिकी टैब पर क्लिक करेंएमएस सेक्शन आप अपने लक्षित दर्शकों पर उम्र और भाषाओं का चयन करने जा रहे हैं, अब स्थान टैब पर क्लिक करें और ड्रॉप का उपयोग करेंक्या आप पहले स्थान और अवधि अनुभाग का चयन करने के लिए स्थानों पर संतुलन बना सकते हैंआप क्लिक कर सकते हैंअलग -अलग शेड्यूल का चयन करने के लिए फ़ील्ड शुरू और समाप्त होता हैबजट के प्रकार के अनुसार, आप बजट अनुभाग के तहत एक राशि क्षेत्र का चयन करते हैं, यहां आपको अपना व्यवसाय दर्ज करना होगायह जानकारी आवश्यक हैअब भुगतान विवरण अनुभाग पर जाएं यहां आप भुगतान विधि का चयन करने जा रहे हैंआपकी सारी जानकारी यहाँशक्ति ऑडियंस अवलोकन अनुभाग अपनी संभावित आयु का पूर्वावलोकन प्राप्त करने के लिए और फिर जनता पर क्लिक करेंस्नैपचैट पर वीडियो मार्केटिंग अभियान और जब आप खुद को कोशिश करेंगे तो आप आपको देखेंगे', 52, 19),
(53, 'Ejecutar un video exitososobre elLos sitios de redes sociales más atractivos del mundo y la buena noticia es que tenemos algo especial paraCómo crear una increíble campaña publicitaria para comenzar SnapchatCampaña de marketing de video en Snapchat que desea negocios no snapchat.cominformación de negociosLlame a Snapchat.com e inicie sesión con su información de inicio de sesión de Snapchatdonde dos formas de crear un snapchat y desde esta página instantáneLa forma más fácil de crear una campaña de marketing de video aquínuestro sitio web visita yy visitas de aplicación para este ejemplo, seleccionemos el sitio webHaga clic en el botón Subir Video o siga para localizar y seleccionar su video de marketing si es video no es formato para la pantalla móvilCopiarPor defecto, el nombre de su negocio se agregará al nombre de Nombre del Nombre de Negocio, que puede editarlo si promociona una marca o producto diferente.Ahora haga clic en el botón Siguiente para continuar con la entrega del siguiente paso Haga clic en la pestaña DemografíaSección MS, va a seleccionar los géneros de las edades y los idiomas de su público objetivo, ahora haga clic en la pestaña Ubicación y use la caída¿Puedes botones en las ubicaciones para seleccionar primero la sección de ubicación y duración?puedes hacer clic eninicia y termina los campos para seleccionar el horario diferenteSegún el tipo de presupuesto que selecciona un campo de cantidad bajo la sección de presupuesto, debe ingresar a su negocioEsta información es necesariaAhora pase a la sección Detalles de pago aquí, usted va a seleccionar el método de pagoToda tu información aquíSección de descripción general de la audiencia Shakti para obtener una vista previa de su alcance potencial y luego haga clic en el públicoCampaña de marketing de video en Snapchat y te verás cuando intentes tú mismo', 53, 19),
(54, 'exécuter une vidéo réussiesur leLes sites de médias sociaux les plus engageants dans le monde et la bonne nouvelle est que nous avons quelque chose de spécial pourComment créer une campagne publicitaire impressionnante pour le démarrage de SnapchatCampagne de marketing vidéo sur Snapchat Vous voulez que les affaires ne disent pas snapchat.cominformations d\'affairesAppelez Snapchat.com et connectez-vous avec vos informations de connexion Snapchatoù deux façons de créer un Snapchat et à partir de cette page instantanément, laissez-vous créer un seulLa façon la plus simple de créer une campagne de marketing vidéo iciNotre site Web visite etet les visites d\'applications pour cet exemple, sélectionnons le site WebCliquez sur le bouton Télécharger la vidéo ou Suivre pour localiser et sélectionner votre vidéo marketing si vous êtes la vidéo n\'est pas du format pour l\'écran mobilecopiePar défaut, le nom de votre entreprise sera ajouté au nom du domaine des affaires que vous pouvez le modifier si vous faites la promotion d\'une marque ou d\'un produit différentMaintenant, cliquez sur le bouton Suivant pour continuer à la livraison d\'étape suivante en cliquant sur l\'onglet démographiqueSection MS Vous allez sélectionner les sexes Les âges et langues maintenant cliquez maintenant sur l\'onglet Emplacement et utilisez la gouttePouvez-vous les boutons des emplacements pour sélectionner d\'abord la section d\'emplacement et de duréevous pouvez cliquer surDémarrer et terminer les champs pour sélectionner les différents horairesSelon le type de budget que vous sélectionnez un champ de montant en vertu de la section budget ici, vous devez entrer dans votre entrepriseCette information est obligatoirePassez maintenant à la section Détails de paiement ici, vous allez sélectionner le mode de paiementToutes vos informations iciSECTION DE PROPOITION DE L\'AUDICRE DE SHAKTI Pour obtenir un aperçu de votre âge potentiel, puis cliquez sur le publicCampagne de marketing vidéo sur Snapchat et vous vous verrez lorsque vous essayez de vous-même', 54, 19),
(55, 'تشغيل فيديو ناجحعلى المعظم مواقع التواصل الاجتماعي الجذابة في العالم والخبر السار هو أننا لدينا شيء مميز لهكيفية إنشاء حملة إعلانية رائعة لبدء Snapchatحملة تسويق الفيديو على Snapchat تريد العمل لا Snapchat.comمعلومات العملاتصل على snapchat.com وتسجيل الدخول مع معلومات تسجيل الدخول إلى Snapchatحيث تتيح لك طريقتان لإنشاء Snapchat ومن هذه الصفحة إنشاء لحظةأسهل طريقة لإنشاء حملة تسويق الفيديو هنازيارات موقعنا ووزيارات التطبيق لهذا المثال ، دعنا نختار موقع الويبانقر فوق الزر \"تحميل الفيديو\" أو اتبعه لتحديد موقع الفيديو التسويقي وحدده إذا كنت لا تنسيق على شاشة الهاتف المحمولينسخبشكل افتراضي ، سيتم إضافة اسم عملك إلى اسم حقل الأعمال الذي يمكنك تحريره إذا كنت تروج لعلامة تجارية أو منتج مختلفانقر الآن على الزر التالي للمتابعة إلى خطوة التسليم التالية النقر فوق علامة تبويب التركيبة السكانيةقسم MS ، ستقوم بتحديد الأجناس واللغات الموجودة على جمهورك المستهدف الآن انقر فوق علامة تبويب الموقع واستخدم الإسقاطهل يمكنك الأزرار على المواقع لتحديد قسم الموقع والمدة أولاًيمكنك النقر فوقتبدأ الحقول وينتهي لتحديد الجدول الزمني المختلفةوفقًا لنوع الميزانية التي تختارها حقل مبلغ ضمن قسم الميزانية هنا ، عليك إدخال عملكهذه المعلومات مطلوبةانتقل الآن إلى قسم تفاصيل الدفع هنا ، ستقوم بتحديد طريقة الدفعكل معلوماتك هناقسم نظرة عامة على جمهور Shakti للحصول على معاينة لعمرك المحتمل ثم انقر فوق الجمهورحملة تسويق الفيديو على Snapchat وستراك عندما تحاول نفسك', 55, 19),
(56, 'उन्नत वीडियोरणनीति जो कभी नहींखोज इंजन अनुकूलन कि सही एसईओ भी दूर करने के लिए एक शक्तिशाली थाआज काम करने वाली रणनीतियाँअपने वीडियो मार्केटिंग अभियानों पर एसईओ उद्देश्यों को प्राप्त करने के लिए सही वीडियो होस्टिंग चुनेंआप प्रत्येक उद्देश्य और विभिन्न वीडियो होस्टिंग प्लेटफॉर्म प्राप्त कर सकते हैं चलो एक नज़र डालते हैंवीडियो विपणनवीडियो में कौन सा सूचकांककुछ मामलों मेंजो आपको अपनी मार्केटिंग की रैंकिंग में सुधार करने में मदद करता हैआपके कारक के रूप में विशाल हैं जो उन तत्वों से प्रभावित हो सकते हैं जो लोगों को क्लिक करते हैंयह एक निबंध हैआपको कुछ कीवर्ड अनुसंधान करना होगा ताकि वे वास्तव में संभावित ग्राहकों की शर्तों का उपयोग कर सकेंफिर कम्पोविवरण बॉक्समैं वास्तव में रेलवे चलाने और अपने मार्केटिंग वीडियो के लिए ट्रैफ़िक खोजने का अच्छा तरीका है, जो आपको करना है, उन्हें ऑप्टिमाइज़ ब्लैक होल में बल्लेबाजी कर रहा हैइसके लिए पहले पैराग्राफ के बाद अलार्म फॉर्मपहले पृष्ठ परिणाम पर मेरा YouTube वीडियोक्योंकि YouTube से Google सामग्री', 56, 20),
(57, 'video avanzadoestrategia que nuncaLa optimización de motores de búsqueda, es correcto, SEO también es una herramienta poderosa para los creadores de videos pero porqueestrategias que funcionan hoyElija el alojamiento de video adecuado para lograr los objetivos de SEO en sus campañas de marketing de video que realiza a las que realizaPuede lograr cada objetivo y diferentes plataformas de alojamiento de video. Echemos un vistazoEsto significa que debe cargar sus videos de marketing a sitios para compartir videos como YouTube y Video podemos optimizarlos para la búsqueda.video marketingen el video que índiceen algunos casosque te ayudan a mejorar la clasificación de tu marketingson enormes como su factor que puede verse influenciado por elementos que hacen que las personas hagan clicEste es un ensayoDebe hacer una investigación de palabras clave para encontrar exactamente qué términos de los clientes potenciales que usan ellos deseanluego componCaja de descripciónRealmente una buena manera de conducir el ferrocarril y la búsqueda del tráfico a sus videos de marketing es mi boda en optimizar el agujero negro que tienes que hacerFormulario de alarma después del primer párrafo para esteMi video de YouTube en el resultado de la primera páginaPorque el contenido de Google de YouTube', 57, 20),
(58, 'vidéo avancéestratégie qui jamaisL\'optimisation des moteurs de recherche qui est vrai SEO est également un outil puissant pour les fabricants de vidéos, mais parce queStratégies qui fonctionnent aujourd\'huiChoisissez le bon hébergement vidéo pour atteindre les objectifs de référencement sur vos campagnes de marketing vidéo que vous poursuivezVous pouvez atteindre chaque objectif et différentes plates-formes d\'hébergement vidéo, jetons un coup d\'œilCela signifie que vous devez télécharger vos vidéos marketing sur des sites de partage de vidéos tels que YouTube et la vidéo, nous pouvons les optimiser pour la recherchemarketing vidéodans la vidéo qui indexdans certains casqui vous aident à améliorer le classement de votre marketingsont énormes comme facteur qui peut être influencé par des éléments qui font que les gens cliquentc\'est un essaiVous devez faire des recherches sur les mots clés pour trouver exactement quels termes de clients potentiels en utilisantpuis compoBoîte de descriptionJe suis vraiment une bonne façon de générer un trafic de chemin de fer et de rechercher à vos vidéos marketing est mon mariage pour optimiser le trou noir que vous devez faireFormulaire d\'alarme après le premier paragraphe pour celama vidéo youtube sur le résultat de la première pageParce que Google Content de YouTube', 58, 20),
(59, 'فيديو متقدمالاستراتيجية التي لايعد تحسين محرك البحث هذا الصحيح أيضًا أداة قوية لصانعي الفيديو ولكن بسببالاستراتيجيات التي تعمل اليوماختر استضافة الفيديو المناسبة لتحقيق أهداف SEO في حملات تسويق الفيديو الخاصة بك التي تتابعهايمكنك تحقيق كل منصات استضافة الفيديو الهدف والمختلفة دعنا نلقي نظرةهذا يعني أنه يتعين عليك تحميل مقاطع الفيديو التسويقية الخاصة بك إلى مواقع مشاركة الفيديو مثل YouTube و Video يمكننا تحسينها للبحثتسويق الفيديوفي الفيديو الذي فهرسفي بعض الحالاتالذي يساعدك على تحسين تصنيفات التسويق الخاص بكهي ضخمة مثل عاملك الذي يمكن أن يتأثر بالعناصر التي تجعل الناس ينقرونهذا مقاليجب عليك القيام ببعض أبحاث الكلمات الرئيسية للعثور على شروط العملاء المحتملين الذين يستخدمونها بالضبطثم compoمربع الوصفأنا حقًا طريقة جيدة لقيادة السكك الحديدية والبحث في حركة المرور إلى مقاطع الفيديو التسويقية الخاصة بك ، وهو حفل زفافي لهم لتحسين الثقب الأسود الذي عليك القيام بهنموذج التنبيه بعد الفقرة الأولى لهذافيديو YouTube الخاص بي على نتيجة الصفحة الأولىلأن محتوى Google من YouTube', 59, 20),
(60, 'एक समर्थक की तरह झूठ मत बोलोकोई भी उन्नत वीडियो मार्केटिंग अभियान एक अच्छे लड़के के बिना पूरा नहीं होता हैऔर इस पाठ मेंजीवन में एक समर्थक की तरह YouTube पर एक समर्थक की तरह YouTube मेरे पिता है क्योंकि आपका जीवनस्मार्ट बर्मर समाचार निम्नलिखित पृष्ठ पर आपको अपने लाइव सत्र की जानकारी दर्ज करनी होगीविवरण क्षेत्र में अपने लाइव स्ट्रीम के विषय का अगला और विवरणएक बार जब आप लाइव स्ट्रीम को कॉन्फ़िगर करते हैंआपने कैसे करना छोड़ दिया है, फेसबुक फेसबुक पर अब स्ट्रीम पर क्लिक करना हैजो लोग आपके व्यवसाय का अनुसरण करते हैं वे आपके जीवन को खोजने में सक्षम होंगेवीडियोआप सेटिंग्स टैब पर चुनें समूह पर क्लिक कर सकते हैंयदि आप गेमिंग संपर्क को बढ़ावा दे रहे हैं तो पहले अपनी लाइव वीडियो सेटिंग्स का चयन करेंइसके अतिरिक्त आप क्लिक कर सकते हैंएक बार जब आप अपना सभी कॉन्फ़िगरेशन सेट कर लेते हैं तो इंस्टाग्राम पर लाइव लाइव पर क्लिक करेंअब आपका जीवन आप अपनी स्क्रीन पर इमोजीस और स्टिकर जैसे तत्वों को जोड़ने के लिए नीचे दिए गए आइकन का उपयोग कर सकते हैं और आप ऑनलाइन टाइप करके प्रसारण को समाप्त कर सकते हैं', 60, 21),
(61, 'निम्नलिखित का उपयोग करनाजब आप विपणन कर रहे होते हैं तो समय के पैसे और संसाधनों को ध्यान में रखते हुए एक असंभव अनुमान लगाने वाला खेल नहीं बन सकता हैकहा कि आप एक व्यापक वीडियो विपणन योजना बनाना होगा एक राजनीतिक हैकार्यप्रणाली पर्यावरण ग्राहकों को आकर्षित करने पर ध्यान केंद्रित करने का एक विपणन और बिक्री उद्देश्य हैअपने दर्शकों की चुनौतियों को पहचानें और एक समाधान आकर्षित करेंपहचाननासमाधान या नहीं इसलिए आपके द्वारा बनाए गए वीडियो उपयोगकर्ताओं की समस्याओं को प्रदान किए जाते हैं और संभावित समाधान शामिल करते हैंइसलिए इस प्रकार के वीडियो का उद्देश्य पहुंच बढ़ा है और ट्रस्ट ट्रस्ट कन्वर्ट मार्केटिंग का निर्माण करता हैनिम्नलिखित में से आगंतुक बन जाते हैंमेरा ईमेल और आकर्षण वीडियोइसके विपरीत एक बिक्री पृष्ठ प्राप्त करने की सिफारिश रूपांतरण वीडियो एक एनिमेटेड व्याख्यात्मक वीडियो हो सकता हैवीडियो के साथ बिक्री और उन आगंतुकों पर संभावित ग्राहकों में बदल जाता हैपर वीडियो बंद करनाइस वीडियो का उद्देश्य आपके दर्शकों को विज़ुअलाइज़ेशन सेल का उपयोग करना हैकार्यक्षमता दिखाएं औरअद्भुत समापन वीडियो में प्रशंसापत्र उत्पाद प्रदर्शन या व्यक्तिगत शामिल थेडिलीट सेवा आपको अपने फॉलो में बकाया सामग्री प्रदान करना जारी रखना चाहिएहमें यह भी उम्मीद है कि अनुभवसमुदाय', 61, 23),
(62, 'No mientas como un profesionalNinguna campaña de marketing de video avanzada está completa sin un buen chico es un granY en esta lecciónComo un profesional en la vida como un profesional en YouTube YouTube es mi padre porque tu vidaSmart Barmer News en la página siguiente debe ingresar la información de su sesión en vivoSiguiente y descripción del tema de su transmisión en vivo en el campo DescripciónUna vez que configure la transmisión en vivoCómo te ha ido hacer es hacer clic en la transmisión ahora en Facebook FacebookLas personas que sigan su negocio podrán encontrar su vidavideoPrimero seleccione su configuración de video en vivo si está promocionando el contacto de los juegosAdemás, puede hacer clic enUna vez que configure toda su configuración, haga clic en GO Live en InstagramAhora su vida puede usar los iconos a continuación para agregar elementos como emojis y calcomanías a su pantalla y puede finalizar la transmisión escribiendo en línea', 62, 21),
(63, 'Usando lo siguienteTeniendo en cuenta el tiempo de dinero y los recursos involucrados cuando estás en marketing no puede convertirse en un juego de adivinanzas imposibledijo que debe crear un plan de marketing de video integral que haya una política.metodología El entorno es un objetivo de marketing y ventas de enfoque en atraer clientesreconocer los desafíos de su audiencia y proporcionar una solución atraerreconocersolución o no, por lo tanto, los videos que crea para ser impartidos a los problemas de los usuarios e incluye la solución probablePor lo tanto, el propósito de este tipo de video es el aumento de la alcance y la construcción de la confianza de la confianza.lo siguiente es el hecho de que estos visitantes se conviertanMi correo electrónico y video de atracciónRecomendación para lograr una página de ventas, por el contrario, el video de conversión podría ser un videos explicativos animadosCierre las ventas con videos y se transforma en esos visitantes en clientes potencialesCerrar videos enEl propósito de este video es hacer que su audiencia se visualice a sí mismo usandomostrar la funcionalidad yVideos de cierre increíbles contenían demostraciones de productos de testimonios o personalizadosEliminar el servicio debe continuar proporcionando contenido sobresaliente a su seguimientoTambién tenemos la expectativa de esa experienciacomunidad', 63, 23),
(64, 'en utilisant ce qui suitPrendre en considération le temps que l\'argent et les ressources impliqués lorsque vous marketing ne peuvent pas devenir un jeu de devinettes impossibledit que vous devez créer un plan de marketing vidéo complet il y a unMéthodologie L\'environnement est un objectif de marketing et de vente de l\'accent mis sur l\'attraction des clientsreconnaître les défis de votre public et fournir une solution attirerreconnaîtresolution ou non donc les vidéos que vous créez pour être transmises aux problèmes des utilisateurs et inclure la solution probablePar conséquent, le but de ce type de vidéo est une portée accrue et de construire la confiance de convertir le marketingCe qui suit est que ces visiteurs deviennentmon e-mail et mon vidéo d\'attractionRecommandation pour réaliser une page de vente au contraire, la vidéo de conversion pourrait être une vidéos explicatives animéesFermer les ventes avec des vidéos et se transformer sur ces visiteurs en clients potentielsClôture des vidéos àLe but de cette vidéo est le fait que votre public se visualise en utilisantmontrer la fonctionnalité etDes vidéos de clôture incroyables contenaient des démonstrations de produits de témoignages ou personnalisésSupprimer le service Vous devriez continuer à fournir du contenu exceptionnel à votre suiviNous avons également l\'attente de l\'expériencecommunauté', 64, 23),
(65, 'Ne mentiez pas comme un proAucune campagne de marketing vidéo avancée n\'est complète sans un bon garçon est un grandEt dans cette leçonComme un pro dans la vie comme un pro sur youtube youtube est mon pour la plate-forme essentiellemenu de barreaux de n\'importe où sur le site sur la page suivante, vous devez saisir les informations de votre session en directEnsuite et description du sujet de votre flux en direct dans le champ descriptionUne fois que vous avez configuré le flux en directComment il vous reste à cliquer sur le flux maintenant sur Facebook FacebookLes gens qui suivent votre entreprise pourront trouver votre vievidéoVous pouvez cliquer sur le groupe Choisissez sur l\'onglet ParamètresSélectionnez d\'abord vos paramètres vidéo en direct si vous faites la promotion du contact de jeuDe plus, vous pouvez cliquer surUne fois que vous avez configuré toute votre configuration, cliquez sur Go Live sur InstagramMaintenant, votre vie, vous pouvez utiliser les icônes ci-dessous pour ajouter des éléments tels que des emojis et des autocollants à votre écran et vous pouvez mettre fin à la diffusion en tapant en ligne', 65, 21),
(66, 'باستخدام ما يليمع الأخذ في الاعتبار ، لا يمكن أن تصبح الأموال والموارد التي ينطوي عليها التسويق لعبة تخمين مستحيلةقال أنه يجب عليك إنشاء خطة شاملة للتسويق بالفيديو ، هناك سياسةالمنهجية البيئة هي هدف التسويق والمبيعات للتركيز على جذب العملاءتعرف على تحديات جمهورك وتوفير حل جذبيتعرف علىالحل أو لا يكون مقاطع الفيديو التي تقوم بإنشائها لتنقلها لمشاكل المستخدمين وتضمين الحل المحتمللذلك فإن الغرض من هذا النوع من الفيديو هو زيادة الوصول وبناء الثقة تحويل التسويقفيما يلي جعل هؤلاء الزوارفيديو بريدي الإلكتروني ومراقبة الجاذبيةتوصية لتحقيق صفحة مبيعات على عكس فيديو التحويل يمكن أن تكون مقاطع فيديو توضيحية متحركةإغلاق المبيعات مع مقاطع الفيديو والتحويلات على هؤلاء الزوار إلى عملاء محتملينإغلاق مقاطع الفيديو فيالغرض من هذا الفيديو هو جعل جمهورك يتخيل نفسه باستخدامهإظهار الوظيفة وتحتوي مقاطع الفيديو الإغلاق المذهلة على مظاهرات منتجات شهادات أو شخصيةحذف الخدمة يجب أن تستمر في توفير محتوى رائع لمتابعتكلدينا أيضا توقع تلك التجربةمجتمع', 66, 23),
(67, 'لا تكذب مثل المحترفلا تكتمل أي حملة تسويقية متقدمة بدون صبي جيد أمر رائعوفي هذا الدرسمثل المحترف في الحياة مثل المحترف على YouTube YouTube هو بلدي للمنصة الأساسيةSmart Barmer News في الصفحة التالية ، يجب عليك إدخال معلومات جلستك المباشرةالتالي ووصف موضوع دفقك المباشر في حقل الوصفبمجرد تكوين الدفق المباشركيف تركت للقيام به هو النقر على الدفق الآن على Facebook Facebookسيتمكن الأشخاص الذين يتابعون عملك من العثور على حياتكتقعفيديويمكنك النقر فوق \"اختيار المجموعة\" في علامة تبويب الإعداداتحدد أولاً إعدادات الفيديو المباشر إذا كنت تروج لجهة الاتصال بالألعابحذف الخدمة يجب أن تستمر في توفير محتوى رائع لمتابعتكبالإضافة إلى ذلك يمكنك النقر فوقبمجرد إعداد كل التكوين الخاص بك ، انقر على Go Live على Instagramالآن يمكنك استخدام الأيقونات أدناه لإضافة عناصر مثل الرموز التعبيرية والملصقات على شاشتك ويمكنك إنهاء البث عن طريق الكتابة عبر الإنترنت', 67, 21),
(68, 'उन्नत वीडियो विपणनसोशल मीडिया सर्वश्रेष्ठ वीडियो मार्केटिंग सोशल प्लेटफॉर्म वीडियो प्रोजेक्ट पर विचार करेंएक बार जब आपको यह सब जानकारी प्रदान की जाती है, तो आप अपने व्यवसाय के लिए सर्वश्रेष्ठ उन्नत वीडियो मार्केटिंग रणनीतियों को डिजाइन करने में सक्षम होंगेडेस्कटॉप और मोबाइल इस प्लेटफ़ॉर्म में हमारे लाखों वीडियो के साथ दुनिया भर में 1 बिलियन से अधिक उपयोगकर्ता हैंक्या जनसांख्यिकी बहुत बड़ी है और अनिवार्य रूप से 18 से 49 के बीच के लोग शामिल हैं आपके वीडियो में अधिकतम अवधि होती हैआप कह सकते हैं कि आपकी कंपनी के पास एक YouTube चैनल होना आवश्यक है जो एक पुस्तकालय के रूप में काम करेगावीडियो संपर्क फेसबुक डेस्कटॉप और मोबाइल रोज़ फेसबुक 7 पर 4 बिलियन से अधिक वीडियो दृश्य हैं71% जानवरअपलोड किए गए वीडियो में 20 मिनट के बाद एक सीमित समय होता है ट्विटर डेस्कटॉप और मोबाइल वीडियो सुनते हैं23% जानवरों को इंस्टाग्राम मोबाइल कहा जाता हैउनके आवेदन पर वीडियो की अवधि को 15 से 60 सेकंड के दो आरोपों से बढ़ाया गया था ताकि आप अपने वीडियो ट्विटर या फेसबुक पर साझा कर सकेंइसमें 300 मिलियन सक्रिय उपयोगकर्ता मासिक स्नैपचैट मोबाइल हैं यदि सबसे बड़ा जनसांख्यिकीय समूह युवा से बना हैउनकी कहानियाँ केवल 24 घंटे के लिए उपलब्ध हैंबॉब डेस्कटॉप और मोबाइल स्ट्रीम वीडियो वास्तविक समय में ट्विटर के साथ लॉगिन का एकीकरण दृश्यता को बढ़ाने में मदद करता हैक्या आप ट्रांसमिशन मोबाइल हैं इसमें 10 मिलियन से अधिक उपयोगकर्ता 29% वीडियो हैंमौसम 350000 के साथ स्वचालित रूप से महान में आज 100 मिलियन प्रसारणयहयदि आप अभी तक वीडियो सोशल मीडिया का उपयोग शुरू नहीं करते हैं, तो आप अपने व्यावसायिक दिमाग की सिफारिश के लिए इन प्लेटफार्मों का उपयोग कैसे कर सकते हैं, यह आसान बनाता हैआपको वेबकैम और स्मार्टफोन का उपयोग करके तुरंत निवेश करने और वीडियो उपकरण बनाने की आवश्यकता नहीं है जिसे आप उपयोग करना चाहते हैंयदि आपका लक्ष्य फेसबुक पर ब्रांड जागरूकता और आपके अनुयायियों का है और फेसबुक के साथ परीक्षण शुरू करेंइन उन्नत सोशल मीडिया मार्केटिंग रणनीतियों पर विचार करें यदि आप वास्तव में अपने निवेश का अधिकतम लाभ उठाना चाहते हैं, जब यह वीडियो मार्केटिंग आता है तो आपसबसे छोटा फॉर्म इंस्टाग्राम ट्विटर और स्नैपचैटएक कंपनी इवेंट में बैकस्टेज में रिकॉर्ड किया गयाक्योंलंबा प्रपत्रइवेंट्स फंडराइज़र एक दिन में जीवन समीक्षा में मुझसे कुछ भी पूछेंवर्चुअल कॉन्फ्रेंस ने एक कॉल टू एक्शन की स्थापना की, जो कि आपका वीडियो बनाते समय याद रखना सबसे महत्वपूर्ण हैआप अपने वीडियो को देखने के अंत के साथ अपने अनुयायियों को क्या करना चाहते हैंइससे पहले कि आप नहीं करेंगे, आपको अपने शहर का निर्धारण करने की आवश्यकता हैजानकारी शॉर्ट फॉर्म वीडियो का प्रयास करेंसंजीव के 60 सेकंड के वीडियो इंस्टाग्राम पर बनाते हैं तो आप रचनात्मकता के लिए अपने कमरे की योजना बना रहे हैंबोलंबे समय के वीडियो का प्रयास करेंजब आवेदन की कला को निर्देश देने की कोशिश की जाती हैइसका मतलब है कि आप भी अपने अनुयायियों तक पहुंच सकते हैंयह एक रणनीति है जो एक गाइड और मॉडल के रूप में कार्य करती है', 68, 25),
(69, 'Video de marketing avanzadoLas redes sociales consideran el mejor proyecto de video de la plataforma social de marketing de video marketingUna vez que se le proporcione toda esta información, podrá diseñar las mejores estrategias avanzadas de marketing de video para su negocio.Escritorio y móvil Esta plataforma tiene más de mil millones de usuarios en todo el mundo con millones de nuestros videoses la demografía es muy grande y esencialmente incluye personas entre 18 y 49 sus videos tienen una duración máximaPuede decir que su empresa debe tener un canal de YouTube que servirá como biblioteca paraVideo contactar a Facebook Desktop y Mobile Todos los días hay más de 4 mil millones de visitas de video en Facebook 771% de los animalesLos videos cargados tienen un tiempo limitado después de 20 minutos de escritorio de Twitter y móviles escuchan los videos23% de los animales llamados Instagram MobileLa duración de los videos en su aplicación se extendió de 15 a 60 segundos dos cargos para que pueda compartir sus videos en Twitter o FacebookTiene 300 millones de usuarios activos Mobile Mobile Monthly Snapchat si el grupo demográfico más grande está compuesto por jóvenesSus historias están disponibles solo durante 24 horasBob Desktop y Video de transmisión móvil en tiempo real La integración de inicio de sesión con Twitter ayuda a aumentar la visibilidad¿Su transmisión móvil tiene más de 10 millones de usuarios del 29% de los videos?100 millones de transmisiones hoy en The Great automáticamente con el clima 350000élLa forma en que puede usar estas plataformas para la recomendación de su mente comercial si aún no ha comenzado a usar video en las redes sociales lo hace fácilNo necesita hacer una inversión de inmediato y hacer comentarios en video utilizando la cámara web y el teléfono inteligente.Si su objetivo es la conciencia de marca y sus seguidores en Facebook y comienza a probar con FacebookConsidere estas estrategias avanzadas de marketing en redes sociales si realmente desea aprovechar al máximo su inversión cuando se trata del video marketing, entonces ustedla forma más corta Instagram Twitter y SnapchatGrabado en el backstage en un evento de la compañíapor quéforma largaeventos recaudadores de fondos al día en las revisiones de la vida preguntame cualquier cosaConferencia virtual Configure un llamado a la acción posiblemente lo que es más importante recordar al hacer su video es su llamado a la acción CTA¿Qué quieres que tus seguidores hagan con el final de ver tu video? Es muy fácil ser encarcelado por la emoción de hacer videos y olvidarno lo harásInformación Pruebe el video de formulario cortoSanjeev ke hace 60 segundos videos en Instagram, entonces está planeando su espacio para la creatividad, hay una variedad de aplicaciones para hacer videosboPrueba el video de Form FormAl intentar instruir el arte de la aplicaciónEsto significa que tú también puedes llegar a tus seguidoresEsta es una estrategia que sirve como guía y modelo.', 69, 25),
(70, 'marketing vidéo avancéLes médias sociaux considèrent le meilleur projet de plate-forme sociale de marketing vidéoUne fois que vous bénéficiez de toutes ces informations, vous pourrez concevoir les meilleures stratégies de marketing vidéo avancées pour votre entreprisebureau et mobile Cette plateforme compte plus d\'un milliard d\'utilisateurs dans le monde avec des millions de nos vidéosLa démographie est-elle très grande et comprend essentiellement des personnes entre 18 et 49, vos vidéos ont une durée maximaleVous pouvez dire que votre entreprise doit avoir une chaîne YouTube qui servira de bibliothèque pourContact vidéo Facebook Desktop et mobile tous les jours Il y a plus de 4 milliards de vues vidéo sur Facebook 771% des animauxLes vidéos téléchargées ont un temps limité jusqu\'à 20 minutes Twitter Desktop et Mobile Entendent les vidéos23% des animaux appelés Instagram MobileLa durée des vidéos sur sa demande a été prolongée de 15 à 60 secondes deux frais afin que vous puissiez partager vos vidéos sur Twitter ou FacebookIl compte 300 millions d\'utilisateurs actifs Snapchat mobile mensuels si le plus grand groupe démographique est composé de jeunesLeurs histoires sont disponibles uniquement pendant 24 heuresBob Desktop et Mobile Stream Video en temps réel L\'intégration de la connexion avec Twitter aide à augmenter la visibilitéÊtes-vous à la transmission mobile, il compte plus de 10 millions d\'utilisateurs 29% des vidéos100 millions de transmissions aujourd\'hui dans le grand automatiquement avec le temps 350000ilComment vous pouvez utiliser ces plateformes pour la recommandation d\'esprit de votre entreprise si vous n\'avez pas encore commencé à utiliser les médias sociaux vidéo facilite la tâcheVous n\'avez pas besoin de faire un investissement immédiatement et des équipements vidéo à l\'aide de webcam et de smartphone que vous souhaitez utiliserSi votre objectif est la notoriété de la marque et vos abonnés sur Facebook et commencez à tester avec FacebookConsidérez ces stratégies avancées de marketing des médias sociaux si vous souhaitez vraiment tirer le meilleur parti de votre investissement lorsqu\'il s\'agit du marketing vidéo, alors vousLe formulaire le plus court Instagram Twitter et SnapchatEnregistré dans les coulisses lors d\'un événement d\'entreprisepourquoiforme longueLes collectes de fonds sur les événements par jour dans la vie Critiques me demandent n\'importe quoiVirtual Conference a mis en place un appel à l\'action peut-être ce qui est le plus important à retenir lors de la création de votre vidéo est votre appel à l\'action CTAQue voulez-vous que vos abonnés fassent avec la fin de regarder votre vidéo, il est très facile d\'être emprisonné par l\'excitation de faire des vidéos et d\'oubliertu ne vas pasInformations Essayez la vidéo courte du formulaireSanjeev ke réalise 60 secondes de vidéos sur Instagram puis vous planifiez votre chambre pour la créativité Il existe une variété d\'applications pour faire des vidéosbêleEssayez la vidéo longue formeLorsque vous essayez d\'instruire l\'art de l\'applicationCela signifie que vous aussi pouvez atteindre vos abonnésCeci est une stratégie qui sert de guide et de modèle', 70, 25),
(71, 'تسويق الفيديو المتقدمتعتبر وسائل التواصل الاجتماعي أفضل مشروع فيديو للتسويق عبر الفيديوبمجرد تزويدك بكل هذه المعلومات ، ستتمكن من تصميم أفضل استراتيجيات تسويق الفيديو المتقدمة لعملكسطح المكتب والجوال ، يحتوي هذا النظام الأساسي على أكثر من مليار مستخدم في جميع أنحاء العالم بملايين مقاطع الفيديو الخاصة بناهل التركيبة السكانية كبيرة جدًا وتشمل الأشخاص الذين تتراوح أعمارهم بين 18 و 49 عامًايمكنك القول أن شركتك مطلوبة للحصول على قناة YouTube التي ستكون بمثابة مكتبةفيديو اتصل على سطح المكتب على Facebook و Mobile كل يوم ، هناك أكثر من 4 مليارات عرض فيديو على Facebook 771 ٪ من الحيواناتتتمتع مقاطع الفيديو التي تم تحميلها بوقت محدود بعد 20 دقيقة من سطح المكتب على Twitter و Mobile أسمع مقاطع الفيديو23 ٪ من الحيوانات تسمى Instagram Mobileتم توسيع مدة مقاطع الفيديو على طلبه من 15 إلى 60 ثانية تهمتين حتى تتمكن من مشاركة مقاطع الفيديو الخاصة بك على Twitter أو Facebookلديها 300 مليون مستخدم نشط شهري Snapchat Mobile إذا كانت أكبر مجموعة سكانية تتكون من الشبابقصصهم متوفرة فقط لمدة 24 ساعةBob Desktop و Mobile Stream Video في الوقت الفعلي ، يساعد دمج تسجيل الدخول مع Twitter على زيادة الرؤيةهل تقوم بنقل الهاتف المحمول ، ولديه أكثر من 10 ملايين مستخدم 29 ٪ من مقاطع الفيديو100 مليون عملية نقل اليوم في The Great تلقائيًا مع Weather 350000هو - هيكيف يمكنك استخدام هذه المنصات لتوصية عقلك في العمل إذا لم تكن قد بدأت بعد استخدام وسائل التواصل الاجتماعي ، مما يجعل الأمر سهلاًلا تحتاج إلى إجراء استثمار على الفور وتعليق الفيديو باستخدام كاميرا الويب والهاتف الذكيإذا كان هدفك هو الوعي بالعلامة التجارية وأتباعك على Facebook وابدأوا في الاختبار مع Facebookفكر في استراتيجيات تسويق وسائل التواصل الاجتماعي المتقدمة إذا كنت ترغب حقًا في تحقيق أقصى استثمار عندما يتعلق الأمر بتسويق الفيديو ثم أنتالشكل القصير على Instagram Twitter و Snapchatمسجل في الكواليس في حدث الشركةلماذاوثيقةطويلةأحداث جمع التبرعات في اليوم في مراجعات الحياة اسألني أي شيءقام المؤتمر الافتراضي بإعداد دعوة للعمل ربما يكون الأمر الأكثر أهمية لتذكره عند إجراء الفيديو الخاص بك هو مكالمتك إلى Action CTAما الذي تريد أن يفعله متابعيك مع نهاية مشاهدة الفيديو الخاص بك ، من السهل جدًا أن تصبح سجنًا من خلال الإثارة في صنع مقاطع الفيديو والنسيانألن تفعلالمعلومات جرب فيديو قصيرSanjeev KE قم بإنشاء 60 مقطع فيديو ثانية على Instagram ثم تخطط لغتك للإبداع ، هناك مجموعة متنوعة من التطبيقات على كيفية صنع مقاطع الفيديوبوجرب الفيديو الطويلعند محاولة تعليم فن التطبيقهذا يعني أنك أيضًا يمكنك الوصول إلى متابعيكهذه استراتيجية تعمل كدليل ونموذج', 71, 25),
(72, 'बार्बी वीडियो मैट्रिक्स आपअपने लक्ष्यों को परिभाषित करना और इस बिंदु पर परिणामों का विश्लेषण करना आप पहले से ही जानते हैं कि वीडियो कैसे बनाया जाएयदि आप अपने उद्देश्यों को प्राप्त करते हैं तो यह निर्धारित करने के लिए सबसे अच्छा मैट्रिक्स खोजेंक्या आप इसे मुश्किल बना देंगेआप अपने आप से सवाल पूछ सकते हैंइन सवालों के लिए आपको क्या रुचि हैमैट्रिक्स को समझना आपको अपनी सफलता को निर्धारित करने और निर्धारित करने में मदद करने के लिए और ये लोकप्रिय मैट्रिक्स हैं जिन्हें आप देख सकते हैंएक वीडियो गाओ और जिस समय आप एक वीडियो देखते हैं उसे ट्रैक करते हैं, आपको गिनती कहा जाता हैयह ध्यान रखना बहुत महत्वपूर्ण है कि प्रत्येक वीडियो होस्टिंग प्लेटफ़ॉर्म को मापता है यदि आप अलग हैंब्यूरेट व्यू रेट कई ऐसे लोग हैं जिन्होंने व्यक्तियों की संख्या से विभाजित एक वीडियो खेला है और इस विधि से मदद मिली हैयदि आप अंतर का उपयोग करते हैंटिप्पणियाँ और सामाजिक क्रियाएं विषय के साथ सामग्री के महत्व के उत्कृष्ट संकेतक हैंइच्छावीडियो रचनावीडियो की शर्तों में पूर्णता दर समापनउन दर्शकों की संख्या से विभाजित वीडियो देखने के वर्षों की संख्या के समावेश हैं, जिन्होंने अभी -अभी पूर्णता दर और अन्य इंटरैक्शन मैट का उपयोग करके खेला हैयह संकेत दे सकता हैकार्रवाईसरल शब्दों में रूपांतरण दर रूपांतरण दर एक प्रतिशत द्वारा दर्शाई गई एक संख्या हैजो कि उन लोगों की संख्या वायरिंग से आता है जिन्होंने उदाहरण के लिए आपकी इच्छा कार्रवाई पूरी कर ली है या उन लोगों की संख्या के साथ बिक्री या बिक्री जो पूर्वावलोकन करते हैं जो वास्तव में करने से पहले नहीं करते हैंआप सुधार कर सकते हैंयदि आप पृष्ठ के बारे में सोच रहे हैं और समय का उपयोग करके समय की गणना कर रहे हैं, तो पृष्ठ पर उछाल दर और समयवीडियो जोड़ने के लिए आपको अपनी जगह के बाद मैट्रिक्स की जांच करना सुनिश्चित करना चाहिए', 72, 27);
INSERT INTO `transcript` (`id`, `script`, `c_id`, `video_id`) VALUES
(73, 'Barbie Video Matrix YouDefinir sus objetivos y analizar los resultados en este momento ya sabe cómo crear un videoEncuentre la mejor matriz para determinar si logra sus objetivos¿Lo harías difícil?Puedes hacerte preguntas¿Cuáles son los intereses estas preguntas que debe hacer y dóndeComprender la matriz para ayudarlo a determinar y cuantificar su éxito y esta es la matriz popular que puede verCanta un video y manteniendo el seguimiento de la cantidad de veces que miras un video se llama tu cuentaEs muy importante tener en cuenta que cada plataforma de alojamiento de video mide si es diferenteBurette View Rate es una serie de personas que reproducen un video dividido por el número de personas y han recibido este método ayudaLos comentarios y las acciones sociales son excelentes indicadores de la importancia del contenido con el sujetovoluntadcomposición de videotasa de finalización en términos de video finalizaciónconsiste en el número de años de videos de observación completos divididos por el número de espectadores que acaban de jugar utilizando la tasa de finalización y otra estera de interacciónesto podría indicarLa tasa de conversión en palabras simples la tasa de conversión es un número representado por un porcentajeque proviene del cableado la cantidad de personas que completaron su acción de deseo, por ejemplo, se van o ventas con la cantidad de personas que previsecen que no sean antes de hacerlopuedes mejorarLa tasa de rebote y el tiempo en la página si está pensando en la página y calcule el tiempo utilizando elPara agregar el video, debe asegurarse de verificar la matriz después de su lugar el contenido de video', 73, 27),
(74, 'Barbie Video Matrix vousDéfinir vos objectifs et analyser les résultats à ce stade, vous savez déjà comment créer une vidéoTrouvez la meilleure matrice pour déterminer si vous atteignez vos objectifsSouhaitez-vous le rendre difficileVous pouvez vous poser des questionsQuel est l\'intérêt de ces questions que vous devriez faire et oùComprendre la matrice pour vous aider à déterminer et à quantifier votre succès et ce sont la matrice populaire que vous pouvez voirChantez une vidéo et gardant le nombre de fois où vous regardez une vidéo vous appelle le compteIl est très important de garder à l\'esprit que chaque plate-forme d\'hébergement vidéo mesure si vous êtes différentLe taux de vue de Burette est un certain nombre de personnes qui ont joué une vidéo divisée par le nombre de personnes et qui a reçu cette méthode aideSi vous utilisez la différenceLes commentaires et les actions sociales sont d\'excellents indicateurs de l\'importance du contenu avec le sujetvolontécomposition vidéoTaux d\'achèvement en termes vidéoconsiste en le nombre d\'années de regard de la vidéo terminée divisée par le nombre de téléspectateurs qui viennent de jouer en utilisant le taux d\'achèvement et d\'autres tapis d\'interactionCela pourrait indiquerTaux de conversion en mots simples Le taux de conversion est un nombre représenté par un pourcentagequi vient du câblage du nombre de personnes qui ont terminé votre action de désir par exemple qui laisse ou vendent avec le nombre de personnes qui ont prévisualementvous pouvez améliorerTaux de rebond et temps à la page Si vous pensez à la page et calculez le temps à l\'aide duPour ajouter la vidéo, vous devez vous assurer de vérifier la matrice après votre place le contenu vidéo', 74, 27),
(75, 'Matrix Matrix لكتحديد أهدافك وتحليل النتائج في هذه المرحلة ، أنت تعرف بالفعل كيفية إنشاء مقطع فيديو وأين تم مطلق النار الفقاعةابحث عن أفضل مصفوفة لتحديد ما إذا كنت قد حققت أهدافكهل تجعل الأمر صعبًايمكنك طرح أسئلة على نفسكما هي اهتمامهم بهذه الأسئلة التي يجب عليك طرحها وأينفهم المصفوفة لمساعدتك في تحديد وقياس نجاحك وهذه هي المصفوفة الشائعة التي يمكنك رؤيتهاغني مقطع فيديو وتتبع عدد المرات التي تشاهد فيها مقاطع الفيديو لزيادةمن المهم جدًا أن تضع في اعتبارك أن كل منصة استضافة الفيديو تتقييد إذا كنت مختلفًامعدل عرض Burtette هو عدد من الأشخاص الذين لعبوا مقطع فيديو مقسومًا على عدد الأشخاص وتلقى هذه الطريقة يساعدإذا كنت تستخدم الفرقالتعليقات والإجراءات الاجتماعية هي مؤشرات ممتازة لأهمية المحتوى مع الموضوعسوفتكوين الفيديومعدل الانتهاء في شروط الفيديو الانتهاءيتكون من عدد سنوات مشاهدة الفيديو المكتملة مقسومًا على عدد المشاهدين الذين لعبوا للتو باستخدام معدل الانتهاء وغيرها من حصيرة التفاعلهذا يمكن أن يشيرفعلمعدل التحويل في معدلات الكلمات البسيطة هو رقم يمثله نسبة مئويةالذي يأتي من الأسلاك عدد الأشخاص الذين أكملوا عمل رغبتك على سبيل المثال الأوراق أو المبيعات مع عدد الأشخاص الذين لا يعانون من ذلك بالفعل قبل القيام بذلكيمكنك تحسينمعدل الارتداد والوقت على الصفحة إذا كنت تفكر في الصفحة وأخبر الوقت باستخداملإضافة الفيديو ، يجب عليك التأكد من التحقق من المصفوفة بعد مكانك محتوى الفيديو', 75, 27),
(76, 'अपने वीडियो मार्केटिंग को आउटसोर्स करनायदि आप एक छोटी या मध्यम आकार की कंपनी के व्यवस्थापक हैं, तो आप अपने समय के उच्चतर को बर्दाश्त नहीं कर सकतेवाह, आप अपने अनुभव का उपयोग कर सकते हैं हमारे पेशा आपके वीडियो मार्केटिंग प्रोजेक्ट स्टाफ का उपयोग किया जाता हैमार्केटिंग पार्ट सेट करें और महत्वपूर्ण सफल वीडियो मार्केटिंग रणनीति तब निरंतरता है जब आपकी कंपनी को जटिल घटनाएं होंस्टाफ को बदलने जैसी स्थिति वह इन सभी चीजों को दिलचस्प रूप से छुट्टी दे रही हैएक मार्केटिंग सर्विसेज एजेंसी की सेवाओं का उपयोग करके आप विश्वसनीय और उच्च प्रशिक्षित लोगों पर भरोसा कर सकते हैं जो आपकी कंपनियों को आपके साथ संचालित कर सकते हैंजिस भी कारण से कर्मचारियों की अनुपस्थिति है, आपके वीडियो मार्केटिंग प्लान में कोई अंतराल नहीं होना चाहिएआप जूली योग्य लोगों के अनुभव का उपयोग कर सकते हैं जो उपयुक्त विपणन बनाने और लागू करने के लिए शोध कर सकते हैंआपके व्यवसाय के लिए उद्योग में लंबे समय तक कई अलग -अलग ग्राहकों के साथ काम करने के लिए धन्यवाद है कि आप आश्वस्त कर सकते हैं कि उन सभी वीडियो सेवा प्रदाताबाहरी दृष्टि जो आपके वीडियो मार्केटिंग रणनीति की सफलता को स्वयं बना या तोड़ सकती हैवीडियो विपणनमेरी अपनी टीम में काम करने के लिए किसी को काम पर रखना आप नहीं कर सकतेआपके परिणामों के अनुसार वेतन यह नहीं है कि यदि आपके पास महान अनुभव वाला व्यक्ति हैएक एजेंसी हम आवश्यक समय का उपयोग करते हैंक्यों महान रिसॉर्ट और लाभदायक ग्राहक प्रेरणाआपको अद्यतन दिमाग एक व्यक्ति मिलता है जो पिछले साल वीडियो मार्केटिंग रणनीति में प्रशिक्षित हैएक टीम के लाभ जो लगातार अपडेट किए जा रहे हैं और सभी नए उद्योग अपडेट के साथ अद्यतित हैं, इसका मतलब है कि आउटसोर्सिंगएक विशेषज्ञता के लिए वीडियो विपणनयह बहुत महत्वपूर्ण है कि प्राकृतिक वीडियो निर्माता इन परिवर्तनों में शामिल होना शुरू नहीं करता है और उन्हें अक्सर अनुकूलित करता हैसंभवतः सबसे अच्छी चीजों में से एक एक विशेष टीम के लिए काम को आउटसोर्स कर रहा है जो आप और आपके प्रबंधक उन चीजों पर ध्यान केंद्रित करते हैं जो आप सबसे अच्छा करते हैंस्वायत्त प्रक्रियाआपकी कंपनी के काम के माहौल में क्या हो रहा हैआप पागलपन की जगह ले सकते हैं सिरी अपने वीडियो विपणन आपके व्यवसाय यह कर सकते हैंवे जानते हैं कि वे एक अनुबंध की स्थिति में काम कर रहे हैं, मैं कभी भी समाप्त कर सकता हूं इसका मतलब है किविपणन रणनीतियाँ यह है कि आउटसोर्सिंग आपकी कंपनी को लोगों से सर्वोत्तम परिणाम प्राप्त करने में मदद कर सकती है', 76, 28),
(77, 'Subcontratación de su video marketingSi usted es el administrador de una empresa pequeña o mediana, no puede pagar el tiempo más alto de su tiempowow, puede utilizar su experiencia, nuestro personal de Proyecto de Videra en Video se utilizaEstablecer la parte de marketing e importante fue la estrategia de marketing de video exitosa es la coherencia cuando su empresa tiene eventos complicadossituación como cambiar estrella porque se va de vacaciones todas estas cosas interesantesAl utilizar los servicios de una agencia de servicios de marketing, puede contar con personas confiables y altamente capacitadas que puedan operar sus empresas con suPor cualquier razón, hay una ausencia de personal, no debería haber brechas en su plan de video marketing, puede tener un equipo completo a su disposiciónPuede utilizar la experiencia de las personas calificadas de Julie que pueden investigar crear e implementar el marketing apropiadoes por su negocio gracias a estar en la industria durante mucho tiempo trabajando con muchos clientes diferentes, puede estar seguro de que todos esos proveedores de servicios de videoVisión externa que puede hacer o romper el éxito de su estrategia de marketing en video usted mismovideo marketingmi contratación de alguien para que trabaje en tu equipo no puedessalario de acuerdo con sus resultados que no es el caso si tiene una persona con gran experienciauna agencia que utilizamos el tiempo necesario enPor qué el gran resort y la motivación rentable del clienteRecibes cerebros actualizados Una persona capacitada en tácticas de marketing de video el año pasado nunca haEn las ventajas informáticas como un equipo que se actualiza continuamente y está al día con todas las nuevas actualizaciones de la industria, esto significa que la subcontrataciónVideo Marketing para una especializaciónEs muy importante que el mercado de videos naturales no comience a involucrarse en estos cambios y se adapte a ellos con frecuencia, podrá centrarse en lo queProbablemente una de las mejores cosas está externalizando el trabajo a un equipo especializado en el que usted y su gerente se centran en las cosas que mejor haceproceso autónomolo que está sucediendo dentro del entorno laboral de su empresaPuede reemplazar la locura es Siri su video marketing que su negocio puedeson conscientes de que están trabajando en una posición de contrato. Puedo terminar en cualquier momento que esto significa queEstrategias de marketing Así es como la subcontratación puede ayudar a su empresa a adquirir los mejores resultados de las personas', 77, 28),
(78, 'Externalisation de votre marketing vidéoSi vous êtes l\'administrateur d\'une entreprise petite ou moyenne, vous ne pouvez pas vous permettre le plus de votre tempswow vous pouvez utiliser votre expérience notre profession votre personnel de projet de marketing vidéo est utiliséDéfinir la partie marketing et une stratégie de marketing vidéo réussie était une cohérence lorsque votre entreprise a des événements compliquésune situation comme changer d\'étoile car il part en vacances toutes ces choses intéressantesEn utilisant les services d\'une agence de services de marketing, vous pouvez compter sur des personnes de confiance et hautement qualifiées qui peuvent exploiter vos entreprises avec votreVous pouvez utiliser l\'expérience des personnes qualifiées Julie qui peuvent rechercher des recherches sur la création et la mise en œuvre de marketing appropriéest pour votre entreprise grâce à être dans l\'industrie depuis longtemps en travaillant avec de nombreux clients différents, vous pouvez être assuré que tous ces fournisseurs de services vidéoVision externe qui peut faire ou défaire le succès de votre stratégie de marketing vidéo vous-mêmemarketing vidéomon embauche de quelqu\'un pour travailler dans votre équipe, vous ne pouvez pasSalaire conformément à vos résultats, ce n\'est pas le cas si vous avez une personne ayant une grande expérienceune agence que nous utilisons le temps nécessaire àPourquoi le grand complexe et la motivation client rentablevous obtenez des cerveaux mis à jour une personne formée à des tactiques de marketing vidéo l\'année dernièreDans les avantages informatiques en tant qu\'équipe qui est mis à jour en continu et est à jour avec toutes les nouvelles mises à jour de l\'industrie, cela signifie que l\'externalisationmarketing vidéo à une spécialisationIl est très important que le fabricant de vidéos naturels ne commence pas à s\'impliquer dans ces changements et à y s\'adapter fréquemment, vous serez en mesure de vous concentrer sur ceL\'une des meilleures choses consiste probablement à externaliser le travail à une équipe spécialisée que vous et votre manager vous concentrez sur les choses que vous faites le mieuxprocessus autonomece qui se passe dans l\'environnement de travail de votre entrepriseVous pouvez remplacer la folie est Siri votre vidéo commercial votre entreprise.Ils sont conscients qu\'ils travaillent dans un poste contractuel que je peux terminer chaque fois que cela signifie queStratégies de marketing C\'est ainsi que l\'externalisation peut aider votre entreprise à acquérir les meilleurs résultats des personnes', 78, 28),
(79, 'الاستعانة بمصادر خارجية تسويق الفيديو الخاص بكإذا كنت مسؤول شركة صغيرة أو متوسطة الحجم ، فلا يمكنك تحمل كلما زادت وقتكواو يمكنك استخدام تجربتك لمهنتنا يستخدم موظفو مشروع التسويق بالفيديو الخاص بكتحقق من أن الجزء التسويقي والمهم كان استراتيجية تسويق الفيديو الناجحة هي الاتساق عندما تعقد شركتك أحداثًا معقدةموقف مثل تغيير الموظفين لأنه يذهب في إجازة كل هذه الأشياء مثيرة للاهتمامباستخدام خدمات وكالة خدمات التسويق ، يمكنك الاعتماد على الأشخاص الموثوق بهم والمدربين تدريباً عالياً الذين يمكنهم تشغيل شركاتك معلأي سبب من الأسباب ، لا ينبغي أن تكون هناك فجوات في خطة تسويق الفيديو الخاصة بك ، يمكنك الحصول على فريق كامل تحت تصرفكيمكنك استخدام تجربة الأشخاص المؤهلين لـ Julie الذين يمكنهم البحث في إنشاء وتنفيذ التسويق المناسبهو لعملك بفضل أن تكون في الصناعة لفترة طويلة في العمل مع العديد من العملاء المختلفين ، يمكنك أن تطمئن إلى أن جميع مزودي خدمة الفيديو هؤلاءالرؤية الخارجية التي يمكن أن تجعل أو كسر نجاح استراتيجية تسويق الفيديو الخاصة بك بنفسكتسويق الفيديوتوظيف شخص ما للعمل في فريقك لا يمكنك ذلكراتب وفقًا لنتائجك ، وهذا ليس هو الحال إذا كان لديك شخص يتمتع بخبرة رائعةوكالة نستخدم الوقت اللازم فيلماذا المنتجع الرائع ودوافع العملاء المربحةتحصل على أدمغة محدثة شخص مدرب في تكتيكات تسويق الفيديو في العام الماضي لم يسبق له مثيلمزايا فريق يتم تحديثه بشكل مستمر ويحدث مع جميع تحديثات الصناعة الجديدة وهذا يعني أن الاستعانة بمصادر خارجيةتسويق الفيديو إلى التخصصمن المهم للغاية أن سوق الفيديو الطبيعي لا يبدأ في المشاركة في هذه التغييرات والتكيف معها بشكل متكرر ، ستتمكن من التركيز على ماذامن المحتمل أن يكون أحد أفضل الأشياء في الاستعانة بمصادر خارجية للوظيفة لفريق متخصص تركز أنت ومديرك على الأشياء التي تقوم بها بشكل أفضلعملية الحكم الذاتيما يحدث في بيئة عمل شركتكيمكنك استبدال الجنون هل سيري تسويق الفيديو الخاص بك لعملكإنهم يدركون أنهم يعملون في منصب عقد يمكنني إنهاءه في أي وقت يعني ذلك', 79, 28);

-- --------------------------------------------------------

--
-- Table structure for table `users`
--

CREATE TABLE `users` (
  `id` bigint(20) NOT NULL,
  `password` varchar(128) NOT NULL,
  `last_login` datetime(6) DEFAULT NULL,
  `is_superuser` tinyint(1) NOT NULL,
  `username` varchar(150) NOT NULL,
  `first_name` varchar(150) NOT NULL,
  `last_name` varchar(150) NOT NULL,
  `is_staff` tinyint(1) NOT NULL,
  `is_active` tinyint(1) NOT NULL,
  `date_joined` datetime(6) NOT NULL,
  `email` varchar(254) NOT NULL,
  `verified_at` varchar(200) NOT NULL,
  `role` varchar(200) NOT NULL,
  `status` varchar(20) NOT NULL,
  `updated_at` varchar(200) NOT NULL,
  `created_at` varchar(200) NOT NULL,
  `remember_token` varchar(200) NOT NULL,
  `referal_by` varchar(200) DEFAULT NULL,
  `referal_code` varchar(200) NOT NULL,
  `phone_no` varchar(200) DEFAULT NULL,
  `activation_date` varchar(200) NOT NULL
) ENGINE=InnoDB DEFAULT CHARSET=utf8mb4;

-- --------------------------------------------------------

--
-- Table structure for table `users_groups`
--

CREATE TABLE `users_groups` (
  `id` bigint(20) NOT NULL,
  `user_id` bigint(20) NOT NULL,
  `group_id` int(11) NOT NULL
) ENGINE=InnoDB DEFAULT CHARSET=utf8mb4;

-- --------------------------------------------------------

--
-- Table structure for table `users_user_permissions`
--

CREATE TABLE `users_user_permissions` (
  `id` bigint(20) NOT NULL,
  `user_id` bigint(20) NOT NULL,
  `permission_id` int(11) NOT NULL
) ENGINE=InnoDB DEFAULT CHARSET=utf8mb4;

-- --------------------------------------------------------

--
-- Table structure for table `video`
--

CREATE TABLE `video` (
  `id` bigint(20) NOT NULL,
  `videofile` varchar(100) DEFAULT NULL
) ENGINE=InnoDB DEFAULT CHARSET=utf8mb4;

--
-- Dumping data for table `video`
--

INSERT INTO `video` (`id`, `videofile`) VALUES
(1, 'AY_Chapter2_yoga_history.mp4'),
(2, 'AY_Chapter2_yoga_history_YUEvboU.mp4'),
(3, 'AY_Chapter4_yoga_strength_and_flexibility.mp4'),
(4, 'AY_Chapter6_yoga_type.mp4'),
(5, 'Introduction_Video.mp4'),
(6, 'Video_1.mp4'),
(7, 'Video_1_Lprc61L.mp4'),
(8, 'Video_2.mp4'),
(9, 'Video_3.mp4'),
(10, 'Video_4.mp4'),
(11, 'Video_5.mp4'),
(12, 'Video_5_N2lasCT.mp4'),
(13, 'Video_6.mp4'),
(14, 'Video_7.mp4'),
(15, 'Video_8.mp4'),
(16, 'Video_9.mp4'),
(17, 'Video_10.mp4'),
(18, 'Video_10_FbRI7zV.mp4'),
(19, 'Video_10_SnRDAPs.mp4'),
(20, 'Video_11.mp4'),
(21, 'Video_12.mp4'),
(22, 'Video_13.mp4'),
(23, 'Video_14.mp4'),
(24, 'Video_13_yx8NghU.mp4'),
(25, 'Video_15.mp4'),
(26, 'Video_16.mp4'),
(27, 'Video_13_Z78gu43.mp4'),
(28, 'Video_16_aH3W81X.mp4'),
(29, 'Video_16_MP5DEAN.mp4');

--
-- Indexes for dumped tables
--

--
-- Indexes for table `auth_group`
--
ALTER TABLE `auth_group`
  ADD PRIMARY KEY (`id`),
  ADD UNIQUE KEY `name` (`name`);

--
-- Indexes for table `auth_group_permissions`
--
ALTER TABLE `auth_group_permissions`
  ADD PRIMARY KEY (`id`),
  ADD UNIQUE KEY `auth_group_permissions_group_id_permission_id_0cd325b0_uniq` (`group_id`,`permission_id`),
  ADD KEY `auth_group_permissio_permission_id_84c5c92e_fk_auth_perm` (`permission_id`);

--
-- Indexes for table `auth_permission`
--
ALTER TABLE `auth_permission`
  ADD PRIMARY KEY (`id`),
  ADD UNIQUE KEY `auth_permission_content_type_id_codename_01ab375a_uniq` (`content_type_id`,`codename`);

--
-- Indexes for table `convertedvideo`
--
ALTER TABLE `convertedvideo`
  ADD PRIMARY KEY (`id`),
  ADD KEY `convertedvideo_video_id_a3db55f4_fk_video_id` (`video_id`);

--
-- Indexes for table `django_admin_log`
--
ALTER TABLE `django_admin_log`
  ADD PRIMARY KEY (`id`),
  ADD KEY `django_admin_log_content_type_id_c4bce8eb_fk_django_co` (`content_type_id`),
  ADD KEY `django_admin_log_user_id_c564eba6_fk_users_id` (`user_id`);

--
-- Indexes for table `django_content_type`
--
ALTER TABLE `django_content_type`
  ADD PRIMARY KEY (`id`),
  ADD UNIQUE KEY `django_content_type_app_label_model_76bd3d3b_uniq` (`app_label`,`model`);

--
-- Indexes for table `django_migrations`
--
ALTER TABLE `django_migrations`
  ADD PRIMARY KEY (`id`);

--
-- Indexes for table `django_session`
--
ALTER TABLE `django_session`
  ADD PRIMARY KEY (`session_key`),
  ADD KEY `django_session_expire_date_a5c62663` (`expire_date`);

--
-- Indexes for table `transcript`
--
ALTER TABLE `transcript`
  ADD PRIMARY KEY (`id`),
  ADD KEY `transcript_c_id_e153db96_fk_convertedvideo_id` (`c_id`),
  ADD KEY `transcript_video_id_79fcad2b_fk_video_id` (`video_id`);

--
-- Indexes for table `users`
--
ALTER TABLE `users`
  ADD PRIMARY KEY (`id`),
  ADD UNIQUE KEY `username` (`username`),
  ADD UNIQUE KEY `email` (`email`),
  ADD UNIQUE KEY `referal_code` (`referal_code`);

--
-- Indexes for table `users_groups`
--
ALTER TABLE `users_groups`
  ADD PRIMARY KEY (`id`),
  ADD UNIQUE KEY `users_groups_user_id_group_id_fc7788e8_uniq` (`user_id`,`group_id`),
  ADD KEY `users_groups_group_id_2f3517aa_fk_auth_group_id` (`group_id`);

--
-- Indexes for table `users_user_permissions`
--
ALTER TABLE `users_user_permissions`
  ADD PRIMARY KEY (`id`),
  ADD UNIQUE KEY `users_user_permissions_user_id_permission_id_3b86cbdf_uniq` (`user_id`,`permission_id`),
  ADD KEY `users_user_permissio_permission_id_6d08dcd2_fk_auth_perm` (`permission_id`);

--
-- Indexes for table `video`
--
ALTER TABLE `video`
  ADD PRIMARY KEY (`id`);

--
-- AUTO_INCREMENT for dumped tables
--

--
-- AUTO_INCREMENT for table `auth_group`
--
ALTER TABLE `auth_group`
  MODIFY `id` int(11) NOT NULL AUTO_INCREMENT;

--
-- AUTO_INCREMENT for table `auth_group_permissions`
--
ALTER TABLE `auth_group_permissions`
  MODIFY `id` bigint(20) NOT NULL AUTO_INCREMENT;

--
-- AUTO_INCREMENT for table `auth_permission`
--
ALTER TABLE `auth_permission`
  MODIFY `id` int(11) NOT NULL AUTO_INCREMENT, AUTO_INCREMENT=37;

--
-- AUTO_INCREMENT for table `convertedvideo`
--
ALTER TABLE `convertedvideo`
  MODIFY `id` bigint(20) NOT NULL AUTO_INCREMENT, AUTO_INCREMENT=80;

--
-- AUTO_INCREMENT for table `django_admin_log`
--
ALTER TABLE `django_admin_log`
  MODIFY `id` int(11) NOT NULL AUTO_INCREMENT;

--
-- AUTO_INCREMENT for table `django_content_type`
--
ALTER TABLE `django_content_type`
  MODIFY `id` int(11) NOT NULL AUTO_INCREMENT, AUTO_INCREMENT=10;

--
-- AUTO_INCREMENT for table `django_migrations`
--
ALTER TABLE `django_migrations`
  MODIFY `id` bigint(20) NOT NULL AUTO_INCREMENT, AUTO_INCREMENT=20;

--
-- AUTO_INCREMENT for table `transcript`
--
ALTER TABLE `transcript`
  MODIFY `id` bigint(20) NOT NULL AUTO_INCREMENT, AUTO_INCREMENT=80;

--
-- AUTO_INCREMENT for table `users`
--
ALTER TABLE `users`
  MODIFY `id` bigint(20) NOT NULL AUTO_INCREMENT;

--
-- AUTO_INCREMENT for table `users_groups`
--
ALTER TABLE `users_groups`
  MODIFY `id` bigint(20) NOT NULL AUTO_INCREMENT;

--
-- AUTO_INCREMENT for table `users_user_permissions`
--
ALTER TABLE `users_user_permissions`
  MODIFY `id` bigint(20) NOT NULL AUTO_INCREMENT;

--
-- AUTO_INCREMENT for table `video`
--
ALTER TABLE `video`
  MODIFY `id` bigint(20) NOT NULL AUTO_INCREMENT, AUTO_INCREMENT=30;

--
-- Constraints for dumped tables
--

--
-- Constraints for table `auth_group_permissions`
--
ALTER TABLE `auth_group_permissions`
  ADD CONSTRAINT `auth_group_permissio_permission_id_84c5c92e_fk_auth_perm` FOREIGN KEY (`permission_id`) REFERENCES `auth_permission` (`id`),
  ADD CONSTRAINT `auth_group_permissions_group_id_b120cbf9_fk_auth_group_id` FOREIGN KEY (`group_id`) REFERENCES `auth_group` (`id`);

--
-- Constraints for table `auth_permission`
--
ALTER TABLE `auth_permission`
  ADD CONSTRAINT `auth_permission_content_type_id_2f476e4b_fk_django_co` FOREIGN KEY (`content_type_id`) REFERENCES `django_content_type` (`id`);

--
-- Constraints for table `convertedvideo`
--
ALTER TABLE `convertedvideo`
  ADD CONSTRAINT `convertedvideo_video_id_a3db55f4_fk_video_id` FOREIGN KEY (`video_id`) REFERENCES `video` (`id`);

--
-- Constraints for table `django_admin_log`
--
ALTER TABLE `django_admin_log`
  ADD CONSTRAINT `django_admin_log_content_type_id_c4bce8eb_fk_django_co` FOREIGN KEY (`content_type_id`) REFERENCES `django_content_type` (`id`),
  ADD CONSTRAINT `django_admin_log_user_id_c564eba6_fk_users_id` FOREIGN KEY (`user_id`) REFERENCES `users` (`id`);

--
-- Constraints for table `transcript`
--
ALTER TABLE `transcript`
  ADD CONSTRAINT `transcript_c_id_e153db96_fk_convertedvideo_id` FOREIGN KEY (`c_id`) REFERENCES `convertedvideo` (`id`),
  ADD CONSTRAINT `transcript_video_id_79fcad2b_fk_video_id` FOREIGN KEY (`video_id`) REFERENCES `video` (`id`);

--
-- Constraints for table `users_groups`
--
ALTER TABLE `users_groups`
  ADD CONSTRAINT `users_groups_group_id_2f3517aa_fk_auth_group_id` FOREIGN KEY (`group_id`) REFERENCES `auth_group` (`id`),
  ADD CONSTRAINT `users_groups_user_id_f500bee5_fk_users_id` FOREIGN KEY (`user_id`) REFERENCES `users` (`id`);

--
-- Constraints for table `users_user_permissions`
--
ALTER TABLE `users_user_permissions`
  ADD CONSTRAINT `users_user_permissio_permission_id_6d08dcd2_fk_auth_perm` FOREIGN KEY (`permission_id`) REFERENCES `auth_permission` (`id`),
  ADD CONSTRAINT `users_user_permissions_user_id_92473840_fk_users_id` FOREIGN KEY (`user_id`) REFERENCES `users` (`id`);
COMMIT;

/*!40101 SET CHARACTER_SET_CLIENT=@OLD_CHARACTER_SET_CLIENT */;
/*!40101 SET CHARACTER_SET_RESULTS=@OLD_CHARACTER_SET_RESULTS */;
/*!40101 SET COLLATION_CONNECTION=@OLD_COLLATION_CONNECTION */;
